inspector,violation_code,violation_date,docket,disposition,citation_address,citation_ward
Donte Winston,10-8-180,2023-02-02,23DS13151M,Liable,"2422 W 64 St, Chicago, IL 60629",16
Donte Winston,10-8-180,2023-02-02,23DS13066M,Not Liable,"2435 W 64TH ST, Chicago, IL 60629",16
Danny Murphy,10-8-180,2023-02-02,23DS04367M,Default,"7433 N WOLCOTT AVE, Chicago, IL 60626",49
Danny Murphy,10-8-180,2023-02-02,23DS13237M,Not Liable,"7418 N PAULINA ST, Chicago, IL 60626",49
Manuel Heredia,10-8-180; 7-28-060,2023-02-02,23DS09560M,Default,"2659 S TRUMBULL AVE, Chicago, IL 60623",22
Danny Murphy,10-8-180,2023-02-02,23DS13127M,Default,"6555 N ASHLAND AVE, Chicago, IL 60626",40
Scott Jaburek,10-8-180; 7-28-710,2023-02-01,23DS11895M,Liable,"3017 W FULLERTON AVE, Chicago, IL 60647",32
Donte Winston,10-8-180,2023-01-31,23DS12474M,Liable,"5514 S WOLCOTT AVE, Chicago, IL 60636",15
Donte Winston,10-8-180,2023-01-31,23DS12477M,Default,"5544 S WOLCOTT AVE, Chicago, IL 60636",15
Donte Winston,10-8-180,2023-01-31,23DS12476M,Default,"1533 W GARFIELD BLVD, Chicago, IL 60636",16
Donte Winston,10-8-180,2023-01-30,23DS12463M,Liable,"6725 S CAMPBELL AVE, Chicago, IL 60629",17
Donte Winston,10-8-180,2023-01-30,23DS09565M,Default,"6741 S CAMPBELL AVE, Chicago, IL 60629",17
Donte Winston,10-8-180,2023-01-30,,,"6751 S CAMPBELL AVE, Chicago, IL 60629",17
Donte Winston,10-8-180; 7-28-060; 7-28-680; 7-28-710,2023-01-27,23DS12223M,Liable,"2413 W 59TH ST, Chicago, IL 60629",16
Donte Winston,10-8-180; 7-28-120(a); 7-28-710,2022-11-21,23DS10124M,Default,"6208 S MAY ST, Chicago, IL 60621",16
Ibrahim Okoe,10-8-180,2022-03-11,22DS05749M,Liable,"7001 S MERRILL AVE, Chicago, IL 60649",5
Cynthia Brown,10-8-180; 7-28-070; 7-28-260(a); 7-28-261(b),2022-02-28,22DS05033M,Liable,"3237 W ARMITAGE AVE, Chicago, IL 60647",26
Donte Winston,10-8-180; 7-28-710; 7-28-750(a); 7-28-750(b),2022-02-18,22DS04795M,Default,"2820 - 2824W 63RD ST, Chicago, IL 60629",16
Donte Winston,10-8-180; 7-28-750(a); 7-28-750(b),2022-02-18,22DS04683M,Default,"5936 S UNION AVE, Chicago, IL 60621",20
Reginald Garrett,10-8-180; 7-28-740; 7-28-750(a); 7-28-750(b),2022-02-15,22DS04587M,Default,"4318 S GREENWOOD AVE, Chicago, IL 60653",4
Donte Winston,10-8-180; 7-28-360; 7-28-710; 7-28-740; 7-28-750(a); 7-28-750(b),2022-02-15,22DS04583M,Liable,"1244 W 57TH ST, Chicago, IL 60636",16
Danny Murphy,10-8-180,2022-02-15,22DS04428M,Liable,"1320 W MORSE AVE, Chicago, IL 60626",49
Francisco Arroyo,10-8-180,2022-02-14,22DS04410M,Non-Suit,"4335 S HONORE ST, Chicago, IL 60609",15
Francisco Arroyo,10-8-180; 7-28-750(b),2022-02-14,22DS04411M,Liable,"4331 S HONORE ST, Chicago, IL 60609",15
Francisco Arroyo,10-8-180,2022-02-14,22DS04400M,Non-Suit,"4400 S WASHTENAW AVE, Chicago, IL 60632",15
Donte Winston,10-8-180; 7-28-120(a),2022-02-14,22DS04401M,Liable,"6149 S LOOMIS BLVD, Chicago, IL 60636",16
Danny Murphy,10-8-180,2022-02-14,22DS04393M,Liable,"7356 N ASHLAND BLVD, Chicago, IL 60626",49
Donte Winston,10-8-180,2022-02-11,22DS04377M,Default,"6459 S ABERDEEN ST, Chicago, IL 60621",16
Donte Winston,10-8-180; 7-28-450(a); 7-28-710,2022-02-11,22DS04371M,Non-Suit,"6441 - 6443S ABERDEEN ST, Chicago, IL 60621",16
Donte Winston,10-8-180; 7-28-710,2022-02-11,22DS04357M,Default,"6448 S ABERDEEN ST, Chicago, IL 60621",16
Donte Winston,10-8-180; 7-28-450(a); 7-28-710,2022-02-11,22DS04370M,Default,"6159 S ARTESIAN AVE, Chicago, IL 60629",16
Donte Winston,10-8-180; 7-28-360; 7-28-450(a); 7-28-740; 7-28-750(a); 7-28-750(b),2022-02-11,22DS04368M,Default,"5900 S LOOMIS BLVD, Chicago, IL 60636",16
Shawn Bradley,10-8-180,2022-02-10,,,"6215 W DIVERSEY AVE, Chicago, IL 60639",30
Shawn Bradley,10-8-180,2022-02-10,22DS04692M,Liable,"6137 W DIVERSEY AVE, Chicago, IL 60639",30
Antonio Reynolds,10-8-180; 7-28-710,2022-02-10,22DS04345M,Default,"1741 - 1749W 79TH ST, Chicago, IL 60620",17
Francisco Arroyo,10-8-180,2022-02-10,22DS04335M,Liable,"1901 W 59TH ST, Chicago, IL 60636",15
Donte Winston,10-8-180,2022-02-09,22DS04281M,Default,"5757 - 5759S PEORIA ST, Chicago, IL 60621",16
Donte Winston,10-8-180,2022-02-09,22DS04283M,Default,"5749 S PEORIA ST, Chicago, IL 60621",16
Donte Winston,10-8-180,2022-02-09,22DS04162M,Default,"5727 S PEORIA ST, Chicago, IL 60621",16
Donte Winston,10-8-180,2022-02-09,,,"5716 S GREEN ST, Chicago, IL 60621",16
Donte Winston,10-8-180; 7-28-450(a),2022-02-09,22DS04164M,Default,"5730 S GREEN ST, Chicago, IL 60621",16
Donte Winston,10-8-180,2022-02-09,22DS04274M,Default,"6114 S GREEN ST, Chicago, IL 60621",16
Donte Winston,10-8-180,2022-02-09,22DS04276M,Default,"6120 S GREEN ST, Chicago, IL 60621",16
Donte Winston,10-8-180,2022-02-09,22DS04279M,Liable,"6124 S GREEN ST, Chicago, IL 60621",16
Donte Winston,10-8-180,2022-02-09,22DS04280M,Default,"6130 S GREEN ST, Chicago, IL 60621",16
Donte Winston,10-8-180,2022-02-09,22DS04220M,Default,"6105 S GREEN ST, Chicago, IL 60621",16
Donte Winston,10-8-180,2022-02-09,22DS04221M,Liable,"6408 S SANGAMON ST, Chicago, IL 60621",16
Donte Winston,10-8-180; 7-28-710,2022-02-09,22DS04301M,Default,"6426 S SANGAMON ST, Chicago, IL 60621",16
Donte Winston,10-8-180; 7-28-750(a); 7-28-750(b),2022-02-09,22DS04136M,Non-Suit,"6530 S MORGAN ST, Chicago, IL 60621",6
Donte Winston,10-8-180,2022-02-09,22DS04299M,Default,"6420 S MORGAN ST, Chicago, IL 60621",16
Donte Winston,10-8-180,2022-02-09,22DS04303M,Default,"6041 S MORGAN ST, Chicago, IL 60621",16
Donte Winston,10-8-180,2022-02-09,22DS04216M,Liable,"5738 S CARPENTER ST, Chicago, IL 60621",16
Donte Winston,10-8-180,2022-02-09,22DS04297M,Default,"5740 S CARPENTER ST, Chicago, IL 60621",16
Donte Winston,10-8-180; 7-28-750(b),2022-02-09,22DS04211M,Dismissed Without Prejudice,"5742 S CARPENTER ST, Chicago, IL 60621",16
Donte Winston,10-8-180,2022-02-09,22DS04210M,Liable,"5621 S CARPENTER ST, Chicago, IL 60621",16
Donte Winston,10-8-180,2022-02-09,22DS04295M,Default,"5613 S CARPENTER ST, Chicago, IL 60621",16
Donte Winston,10-8-180,2022-02-09,22DS04298M,Default,"6137 S THROOP ST, Chicago, IL 60636",16
Donte Winston,10-8-180,2022-02-09,22DS04289M,Liable,"6337 S ADA ST, Chicago, IL 60636",16
Donte Winston,10-8-180,2022-02-09,22DS04294M,Default,"6343 S THROOP ST, Chicago, IL 60636",16
Moeen Zahdan,10-8-180,2022-02-09,22DS04209M,Liable,"6201 S KOLMAR AVE, Chicago, IL 60629",13
Sean Bradley,10-8-180,2022-02-09,22DS04293M,Non-Suit,"6101 S WOOD ST, Chicago, IL 60636",15
Nathan Wilson,10-8-180,2022-02-09,22DS04129M,Liable,"7104 S LAFAYETTE AVE, Chicago, IL 60621",6
Nathan Wilson,10-8-180; 7-28-750(a),2022-02-09,22DS04127M,Liable,"7101 S PERRY AVE, Chicago, IL 60621",6
Nathan Wilson,10-8-180; 7-28-230; 7-28-260(a),2022-02-09,22DS04135M,Default,"7059 S HALSTED ST, Chicago, IL 60621",6
Donte Winston,10-8-180; 7-28-060; 7-28-070; 7-28-080; 7-28-220; 7-28-450(a),2022-02-08,22DS04284M,Default,"932 - 936W 59TH ST, Chicago, IL 60621",16
Francisco Arroyo,10-8-180,2022-02-08,22DS04355M,Not Liable,"4710 - 4724S WESTERN AVE, Chicago, IL 60609",15
Donte Winston,10-8-180; 7-28-710,2022-02-08,,,"2023 W 63RD ST, Chicago, IL 60636",16
Francisco Arroyo,10-8-180,2022-02-08,22DS04197M,Default,"1901 - 5W 59TH ST, Chicago, IL 60636",15
Donte Winston,10-8-180; 7-28-740; 7-28-750(a); 7-28-750(b),2022-02-08,22DS04282M,Liable,"6200 S DAMEN AVE, Chicago, IL 60636",16
Donte Winston,10-8-180; 7-28-750(a); 7-28-750(b),2022-02-08,22DS04191M,Default,"6220 S DAMEN AVE, Chicago, IL 60636",16
Donte Winston,10-8-180; 7-28-450(a),2022-02-08,22DS04192M,Liable,"6238 - 42S DAMEN AVE, Chicago, IL 60636",16
Francisco Arroyo,10-8-180,2022-02-08,22DS04190M,Liable,"1637 W 59TH ST, Chicago, IL 60636",15
Francisco Arroyo,10-8-180,2022-02-08,,,"5900 S MARSHFIELD AVE, Chicago, IL 60636",15
Francisco Arroyo,10-8-180,2022-02-08,,,"1651 W 59TH ST, Chicago, IL 60636",15
Francisco Arroyo,10-8-180,2022-02-08,22DS04194M,Non-Suit,"1715 W 59TH ST, Chicago, IL 60636",15
Francisco Arroyo,10-8-180,2022-02-08,22DS04277M,Default,"1721 W 59TH ST, Chicago, IL 60636",15
Francisco Arroyo,10-8-180,2022-02-08,22DS04278M,Liable,"1721 W 59TH ST, Chicago, IL 60636",15
Francisco Arroyo,10-8-180,2022-02-08,22DS04300M,Liable,"1737 W 59TH ST, Chicago, IL 60636",15
Francisco Arroyo,10-8-180,2022-02-08,22DS04253M,Default,"1743 W 59TH ST, Chicago, IL 60636",15
Francisco Arroyo,10-8-180,2022-02-08,22DS04272M,Default,"1745 W 59TH ST, Chicago, IL 60636",15
Francisco Arroyo,10-8-180,2022-02-08,,,"1753 W 59TH ST, Chicago, IL 60636",15
Adam Corona,10-8-180,2022-02-08,22DS04259M,Liable,"27 - 37S SANGAMON ST, Chicago, IL 60607",25
Francisco Arroyo,10-8-180,2022-02-08,,,"1813 - 15W 59TH ST, Chicago, IL 60636",15
Francisco Arroyo,10-8-180,2022-02-08,,,"1815 W 59TH ST, Chicago, IL 60636",15
Francisco Arroyo,10-8-180,2022-02-08,,,"1820 W 59TH ST, Chicago, IL 60636",15
Francisco Arroyo,10-8-180,2022-02-08,,,"1825 W 59TH ST, Chicago, IL 60636",15
Francisco Arroyo,10-8-180,2022-02-07,22DS04188M,Default,"1850 - 1852W 59TH ST, Chicago, IL 60636",15
Francisco Arroyo,10-8-180,2022-02-07,22DS04189M,Liable,"1854 W 59TH ST, Chicago, IL 60636",15
Francisco Arroyo,10-8-180,2022-02-07,22DS04186M,Non-Suit,"1923 W 59TH ST, Chicago, IL 60636",15
Francisco Arroyo,10-8-180; 4-4-310(b),2022-02-07,22DS04258M,Non-Suit,"4710 S WESTERN AVE, Chicago, IL 60609",15
Francisco Arroyo,10-8-180; 4-4-310(b),2022-02-07,22DS04178M,Liable,"1614 W 47TH ST, Chicago, IL 60609",15
Donte Winston,10-8-180,2022-02-07,22DS04179M,Liable,"6128 S WESTERN AVE, Chicago, IL 60636",16
Donte Winston,10-8-180,2022-02-07,22DS04176M,Non-Suit,"6301 - 13S WESTERN AVE, Chicago, IL 60636",16
Shawn Smith,10-8-180,2022-02-07,22DS04170M,Default,"2551 W CERMAK RD, Chicago, IL 60608",28
Francisco Arroyo,10-8-180,2022-02-05,22DS04174M,Default,"1950 - 1952W 63RD ST, Chicago, IL 60636",15
Francisco Arroyo,10-8-180,2022-02-05,22DS04172M,Default,"6249 S WOLCOTT AVE, Chicago, IL 60636",15
Francisco Arroyo,10-8-180,2022-02-05,,,"1834 W 63RD ST, Chicago, IL 60636",15
Francisco Arroyo,10-8-180,2022-02-05,22DS04254M,Liable,"1824 W 63RD ST, Chicago, IL 60636",15
Moeen Zahdan,10-8-180; 7-28-060,2022-02-05,22DS04251M,Default,"3621 W 69TH ST, Chicago, IL 60629",13
Francisco Arroyo,10-8-180,2022-02-05,22DS04163M,Liable,"1740 W 63RD ST, Chicago, IL 60636",15
Francisco Arroyo,10-8-180,2022-02-05,22DS04250M,Non-Suit,"6248 - 6254S MARSHFIELD AVE, Chicago, IL 60636",15
Francisco Arroyo,10-8-180,2022-02-05,22DS04166M,Default,"1641 W 63RD ST, Chicago, IL 60636",15
Francisco Arroyo,10-8-180,2022-02-05,22DS04167M,Not Liable,"1643 W 63RD ST, Chicago, IL 60636",15
Francisco Arroyo,10-8-180,2022-02-05,,,"1645 W 63RD ST, Chicago, IL 60636",15
Francisco Arroyo,10-8-180,2022-02-05,,,"1645 W 63RD ST, Chicago, IL 60636",15
Donte Winston,10-8-180,2022-02-05,22DS04252M,Default,"2033 W 69TH ST, Chicago, IL 60636",17
Donte Winston,10-8-180; 7-28-740; 7-28-750(a); 7-28-750(b),2022-02-05,22DS04165M,Liable,"2000 W 69TH ST, Chicago, IL 60636",16
Donte Winston,10-8-180,2022-02-05,22DS04160M,Default,"6825 S WINCHESTER AVE, Chicago, IL 60636",17
Francisco Arroyo,10-8-180,2022-02-05,22DS04246M,Non-Suit,"1651 W 63RD ST, Chicago, IL 60636",15
Francisco Arroyo,10-8-180,2022-02-05,22DS04159M,Liable,"1801 W 63RD ST, Chicago, IL 60636",15
Francisco Arroyo,10-8-180,2022-02-05,22DS04244M,Default,"1953 W 63RD ST, Chicago, IL 60636",15
Francisco Arroyo,10-8-180; 7-28-750(b),2022-02-05,22DS04161M,Default,"6301 S DAMEN AVE, Chicago, IL 60636",15
Donte Winston,10-8-180,2022-02-05,,,"5402 S JUSTINE ST, Chicago, IL 60609",16
Donte Winston,10-8-180,2022-02-05,,,"5420 S JUSTINE ST, Chicago, IL 60609",16
Donte Winston,10-8-180,2022-02-05,22DS04247M,Continuance,"1510 - 14W GARFIELD BLVD, Chicago, IL 60609",16
Donte Winston,10-8-180,2022-02-05,22DS04249M,Default,"5435 S JUSTINE ST, Chicago, IL 60609",16
Donte Winston,10-8-180,2022-02-05,22DS04156M,Liable,"5722 S SANGAMON ST, Chicago, IL 60621",16
Donte Winston,10-8-180,2022-02-05,22DS04238M,Default,"5726 S SANGAMON ST, Chicago, IL 60621",16
Donte Winston,10-8-180,2022-02-05,22DS04239M,Liable,"5734 S SANGAMON ST, Chicago, IL 60621",16
Donte Winston,10-8-180,2022-02-05,,,"5738 S SANGAMON ST, Chicago, IL 60621",16
Donte Winston,10-8-180,2022-02-05,22DS04158M,Default,"5744 S SANGAMON ST, Chicago, IL 60621",16
Donte Winston,10-8-180,2022-02-05,22DS04242M,Default,"5756 - 5758S SANGAMON ST, Chicago, IL 60621",16
Donte Winston,10-8-180,2022-02-05,22DS04241M,Default,"5759 S Sangamon St, Chicago, IL 60621",16
Donte Winston,10-8-180,2022-02-05,22DS04157M,Liable,"5710 S PEORIA ST, Chicago, IL 60621",16
Donte Winston,10-8-180,2022-02-05,22DS04229M,Liable,"5722 S PEORIA ST, Chicago, IL 60621",16
Donte Winston,10-8-180,2022-02-05,,,"5838 S PEORIA ST, Chicago, IL 60621",16
Donte Winston,10-8-180,2022-02-05,22DS04234M,Non-Suit,"5848 - 5850S PEORIA ST, Chicago, IL 60621",16
Donte Winston,10-8-180,2022-02-05,22DS04150M,Liable,"5801 S PEORIA ST, Chicago, IL 60621",16
Donte Winston,10-8-180,2022-02-05,22DS04151M,Default,"5757 - 5759S PEORIA ST, Chicago, IL 60621",16
Donte Winston,10-8-180,2022-02-05,22DS04153M,Default,"5753 S PEORIA ST, Chicago, IL 60621",16
Donte Winston,10-8-180,2022-02-05,22DS04154M,Default,"6224 S ABERDEEN ST, Chicago, IL 60621",16
Donte Winston,10-8-180,2022-02-05,22DS04152M,Default,"6432 S ABERDEEN ST, Chicago, IL 60621",16
Donte Winston,10-8-180,2022-02-05,22DS04235M,Liable,"6410 S MAY ST, Chicago, IL 60621",16
Donte Winston,10-8-180,2022-02-05,22DS04227M,Default,"6422 S MAY ST, Chicago, IL 60621",16
Donte Winston,10-8-180,2022-02-05,22DS04146M,Default,"6446 S MAY ST, Chicago, IL 60621",16
Donte Winston,10-8-180,2022-02-05,22DS04082M,Default,"6419 S MAY ST, Chicago, IL 60621",16
Donte Winston,10-8-180,2022-02-05,22DS04225M,Default,"1236 W 64TH ST, Chicago, IL 60636",16
Donte Winston,10-8-180,2022-02-05,22DS04145M,Default,"6349 S ELIZABETH ST, Chicago, IL 60636",16
Donte Winston,10-8-180,2022-02-05,22DS04149M,Liable,"5849 S BISHOP ST, Chicago, IL 60636",16
Donte Winston,10-8-180,2022-02-04,22DS04202M,Liable,"2435 W 64TH ST, Chicago, IL 60629",16
Donte Winston,10-8-180,2022-02-04,22DS04123M,Liable,"6359 S ARTESIAN AVE, Chicago, IL 60629",16
Thomas Kostrzeski,10-8-180,2022-02-04,22DS04072M,Liable,"2819 N BURLING ST, Chicago, IL 60657",44
Thomas Kostrzeski,10-8-180,2022-02-04,22DS04095M,Non-Suit,"723 W BUCKINGHAM PL, Chicago, IL 60657",44
Timothy Hall,10-8-180,2022-02-04,22DS04094M,Default,"1920 S LAFLIN ST, Chicago, IL 60608",25
Donte Winston,10-8-180,2022-02-04,22DS04067M,Liable,"7250 S EMERALD AVE, Chicago, IL 60621",6
Francisco Arroyo,10-8-180,2022-02-04,22DS04088M,Default,"4300 S ARCHER AVE, Chicago, IL 60632",15
Adam Corona,10-8-180,2022-02-04,22DS04086M,Default,"1721 S PAULINA ST, Chicago, IL 60608",25
Donte Winston,10-8-180,2022-02-04,22DS04087M,Liable,"7042 S MARSHFIELD AVE, Chicago, IL 60636",17
Adam Corona,10-8-180,2022-02-04,22DS04092M,Liable,"900 W 18TH ST, Chicago, IL 60608",25
Adam Corona,10-8-180,2022-02-04,22DS04089M,Liable,"1703 S PEORIA ST, Chicago, IL 60608",25
Donte Winston,10-8-180; 7-28-720,2022-02-04,22DS04080M,Default,"932 - 936W 59TH ST, Chicago, IL 60621",16
Francisco Arroyo,10-8-180,2022-01-31,22DS03968M,Default,"4601 S ROCKWELL ST, Chicago, IL 60632",15
Nathan Wilson,10-8-180,2022-01-28,22DS03954M,Default,"7953 S CHAMPLAIN AVE, Chicago, IL 60619",6
Francisco Arroyo,10-8-180; 7-28-750(b),2022-01-27,22DS03841M,Liable,"4257 S ARTESIAN AVE, Chicago, IL 60632",15
Francisco Arroyo,10-8-180,2022-01-27,22DS03906M,Non-Suit,"4955 - 4957S HOYNE AVE, Chicago, IL 60609",15
Francisco Arroyo,10-8-180,2022-01-27,22DS03843M,Liable,"4949 S SEELEY AVE, Chicago, IL 60609",15
Nathan Wilson,10-8-180,2022-01-27,22DS03683M,Liable,"371 - 377E 75TH ST, Chicago, IL 60619",6
Nathan Wilson,10-8-180,2022-01-27,22DS03685M,Default,"7450 S DR MARTIN LUTHER KING JR DR, Chicago, IL 60619",6
Nathan Wilson,10-8-180,2022-01-27,22DS04527M,Default,"346 E 75TH ST, Chicago, IL 60619",6
Sean Bradley,10-8-180,2022-01-27,22DS03899M,Liable,"2010 W 51ST ST, Chicago, IL 60609",15
Rocco Markese,10-8-180,2022-01-27,,,"2200 W 43RD ST, Chicago, IL 60609",12
Kenneth Austin,10-8-180,2022-01-26,22DS03688M,Liable,"10813 S WALLACE ST, Chicago, IL 60628",34
Donte Winston,10-8-180,2022-01-25,22DS03862M,Liable,"1620 W 59TH ST, Chicago, IL 60636",16
Donte Winston,10-8-180; 7-28-710,2022-01-25,22DS03505M,Default,"5528 S CARPENTER ST, Chicago, IL 60621",16
Donte Winston,10-8-180; 7-28-450(a); 7-28-710,2022-01-25,22DS03916M,Default,"5519 S CARPENTER ST, Chicago, IL 60621",16
Francisco Arroyo,10-8-180,2022-01-25,22DS03535M,Liable,"4955 - 4957S HOYNE AVE, Chicago, IL 60609",15
Shawn Bradley,10-8-180,2022-01-25,22DS03857M,Liable,"6151 W DIVERSEY AVE, Chicago, IL 60639",30
Donte Winston,10-8-180; 7-28-680; 7-28-710,2022-01-15,22DS03741M,Default,"2053 W 53RD ST, Chicago, IL 60609",16
Donte Winston,10-8-180,2022-01-15,22DS03749M,Liable,"1620 W 59TH ST, Chicago, IL 60636",16
Luis Pena,10-8-180,2022-01-14,22DS03727M,Liable,"2101 N MELVINA AVE, Chicago, IL 60639",36
Shawn Bradley,10-8-180,2022-01-12,22DS03835M,Liable,"3240 N KARLOV AVE, Chicago, IL 60641",30
Shawn Bradley,10-8-180,2022-01-12,22DS03614M,Default,"3301 N KARLOV AVE, Chicago, IL 60641",30
Antonio Reynolds,10-8-180; 7-28-710,2022-01-12,22DS03602M,Non-Suit,"6714 S WESTERN AVE, Chicago, IL 60636",17
Danny Murphy,10-8-180,2022-01-12,22DS03576M,Liable,"7110 N CLARK ST, Chicago, IL 60626",49
Danny Murphy,10-8-180,2022-01-12,22DS03577M,Liable,"7112 N CLARK ST, Chicago, IL 60626",49
Danny Murphy,10-8-180,2022-01-12,22DS03583M,Liable,"7428 N ROGERS AVE, Chicago, IL 60626",49
Danny Murphy,10-8-180,2022-01-12,22DS03580M,Liable,"7441 N ROGERS AVE, Chicago, IL 60626",49
Adam Corona,10-8-180,2022-01-12,22DS03560M,Default,"2000 W 22ND ST, Chicago, IL 60608",25
Adam Corona,10-8-180,2022-01-12,22DS03561M,Default,"2301 S LEAVITT ST, Chicago, IL 60608",25
Shawn Bradley,10-8-180,2022-01-11,22DS03558M,Liable,"4747 W GRACE ST, Chicago, IL 60641",30
Shawn Bradley,10-8-180,2022-01-11,22DS03559M,Liable,"3180 N MILWAUKEE AVE, Chicago, IL 60618",30
Adam Corona,10-8-180,2022-01-10,22DS03542M,Liable,"2136 - 2144S ASHLAND AVE, Chicago, IL 60608",25
Nathan Wilson,10-8-180,2022-01-10,22DS02658M,Default,"7000 S EMERALD AVE, Chicago, IL 60621",6
Nathan Wilson,10-8-180,2022-01-10,22DS02652M,Default,"7058 S EMERALD AVE, Chicago, IL 60621",6
Donte Winston,10-8-180,2022-01-09,22DS03446M,Default,"932 - 936W 59TH ST, Chicago, IL 60621",16
Nathan Wilson,10-8-180,2022-01-07,22DS03137M,Default,"351 - 355E 79TH ST, Chicago, IL 60619",6
Nathan Wilson,10-8-180,2022-01-07,22DS02631M,Liable,"343 E 79TH ST, Chicago, IL 60619",6
Nathan Wilson,10-8-180,2022-01-07,22DS02628M,Liable,"211 E 79TH ST, Chicago, IL 60619",6
Nathan Wilson,10-8-180,2022-01-07,22DS02629M,Default,"207 - 209E 79TH ST, Chicago, IL 60619",6
Nathan Wilson,10-8-180,2022-01-07,22DS02761M,Non-Suit,"7901 - 7903S INDIANA AVE, Chicago, IL 60619",6
Nathan Wilson,10-8-180,2022-01-07,22DS02619M,Liable,"7903 - 7909S RHODES AVE, Chicago, IL 60619",6
Nathan Wilson,10-8-180,2022-01-07,22DS02616M,Liable,"549 - 553E 79TH ST, Chicago, IL 60619",6
Nathan Wilson,10-8-180,2022-01-07,22DS02618M,Liable,"601 - 617E 79TH ST, Chicago, IL 60619",6
Adam Corona,10-8-180,2022-01-06,22DS03433M,Default,"1757 - 1759W 18TH ST, Chicago, IL 60608",25
Francisco Arroyo,10-8-180,2022-01-06,22DS03426M,Default,"2433 - 35W 47TH ST, Chicago, IL 60632",15
Francisco Arroyo,10-8-180,2022-01-06,22DS03427M,Liable,"2437 W 47TH ST, Chicago, IL 60632",15
Francisco Arroyo,10-8-180,2022-01-06,22DS03407M,Liable,"2439 W 47TH ST, Chicago, IL 60632",15
Francisco Arroyo,10-8-180,2022-01-06,22DS03416M,Liable,"2441 W 47TH ST, Chicago, IL 60632",15
Adam Corona,10-8-180,2022-01-06,,,"2201 W CERMAK RD, Chicago, IL 60608",25
Francisco Arroyo,10-8-180,2022-01-06,22DS03411M,Liable,"2425 W 47TH ST, Chicago, IL 60632",15
Francisco Arroyo,10-8-180; 7-28-710,2022-01-06,22DS03417M,Default,"4710 - 24S WESTERN AVE, Chicago, IL 60609",15
Francisco Arroyo,10-8-180,2022-01-06,22DS03418M,Liable,"4618 S WESTERN AVE, Chicago, IL 60609",15
Francisco Arroyo,10-8-180,2022-01-06,22DS03422M,Liable,"4614 - 4616S WESTERN AVE, Chicago, IL 60609",15
Francisco Arroyo,10-8-180,2022-01-06,22DS03423M,Liable,"4600 S WESTERN AVE, Chicago, IL 60609",15
Francisco Arroyo,10-8-180,2022-01-06,22DS03421M,Liable,"4532 - 4536S WESTERN AVE, Chicago, IL 60609",15
Nathan Wilson,10-8-180; 7-28-710,2022-01-06,22DS02604M,Liable,"7358 S WABASH AVE, Chicago, IL 60619",6
Francisco Arroyo,10-8-180,2022-01-06,22DS03413M,Liable,"4500 S WESTERN AVE, Chicago, IL 60609",15
Francisco Arroyo,10-8-180,2022-01-06,22DS03424M,Default,"4452 S WESTERN AVE, Chicago, IL 60609",15
Francisco Arroyo,10-8-180,2022-01-06,22DS03425M,Default,"4410 S WESTERN AVE, Chicago, IL 60609",15
Francisco Arroyo,10-8-180,2022-01-06,22DS03414M,Liable,"4354 - 4358S Western Ave, Chicago, IL 60609",15
Francisco Arroyo,10-8-180,2022-01-06,22DS03415M,Liable,"4257 S ARTESIAN AVE, Chicago, IL 60632",15
Francisco Arroyo,10-8-180,2022-01-06,22DS03409M,Liable,"4260 S WESTERN AVE, Chicago, IL 60609",15
Francisco Arroyo,10-8-180,2022-01-06,22DS03406M,Default,"4701 S WESTERN BLVD, Chicago, IL 60609",15
Francisco Arroyo,10-8-180,2022-01-06,22DS03408M,Liable,"5035 S WESTERN BLVD, Chicago, IL 60609",15
Francisco Arroyo,10-8-180,2022-01-06,22DS03412M,Liable,"5057 - 59S WESTERN BLVD, Chicago, IL 60609",15
Francisco Arroyo,10-8-180,2022-01-06,22DS03757M,Liable,"5132 S WESTERN AVE, Chicago, IL 60609",14
Francisco Arroyo,10-8-180,2022-01-06,22DS03410M,Default,"5230 S WESTERN AVE, Chicago, IL 60609",15
Francisco Arroyo,10-8-180,2022-01-06,22DS03398M,Liable,"5300 S WESTERN AVE, Chicago, IL 60609",15
Francisco Arroyo,10-8-180,2022-01-06,22DS03847M,Liable,"5312 S WESTERN AVE, Chicago, IL 60609",15
Adam Corona,10-8-180,2022-01-06,22DS03402M,Liable,"2157 - 2159W 21ST PL, Chicago, IL 60608",25
Donte Winston,10-8-180,2022-01-05,22DS03396M,Liable,"2101 W 63RD ST, Chicago, IL 60636",16
Donte Winston,10-8-180,2022-01-05,22DS03391M,Liable,"6300 S DAMEN AVE, Chicago, IL 60636",16
Nathan Wilson,10-8-180,2022-01-05,22DS02610M,Liable,"7100 S PRAIRIE AVE, Chicago, IL 60619",6
Nathan Wilson,10-8-180,2022-01-05,22DS02681M,Liable,"7109 S INDIANA AVE, Chicago, IL 60619",6
Nathan Wilson,10-8-180,2022-01-05,22DS02592M,Non-Suit,"135 E 71ST ST, Chicago, IL 60619",6
Nathan Wilson,10-8-180,2022-01-05,22DS02593M,Liable,"125 E 71ST ST, Chicago, IL 60619",6
Nathan Wilson,10-8-180,2022-01-05,22DS02589M,Default,"6637 S HALSTED ST, Chicago, IL 60621",6
Nathan Wilson,10-8-180,2022-01-05,22DS03486M,Default,"6651 - 6659S HALSTED ST, Chicago, IL 60621",6
Nathan Wilson,10-8-180,2022-01-05,22DS02245M,Default,"119 E 71ST ST, Chicago, IL 60619",6
Nathan Wilson,10-8-180,2022-01-05,22DS02244M,Default,"7101 S MICHIGAN AVE, Chicago, IL 60619",6
Nathan Wilson,10-8-180,2022-01-05,22DS02294M,Non-Suit,"75 E 71ST ST, Chicago, IL 60619",6
Nathan Wilson,10-8-180,2022-01-05,22DS02242M,Liable,"51 E 71ST ST, Chicago, IL 60619",6
Nathan Wilson,10-8-180,2022-01-05,22DS02287M,Liable,"7108 S WABASH AVE, Chicago, IL 60619",6
Nathan Wilson,10-8-180,2022-01-05,22DS03527M,Default,"7105 - 7109S STATE ST, Chicago, IL 60619",6
Nathan Wilson,10-8-180,2022-01-05,22DS02285M,Liable,"7101 - 14S VINCENNES AVE, Chicago, IL 60621",6
Nathan Wilson,10-8-180,2022-01-05,22DS02286M,Liable,"139 W 71ST ST, Chicago, IL 60621",6
Nathan Wilson,10-8-180,2022-01-05,22DS02291M,Liable,"143 W 71ST ST, Chicago, IL 60621",6
Nathan Wilson,10-8-180,2022-01-05,,,"143 W 71ST ST, Chicago, IL 60621",6
Nathan Wilson,10-8-180,2022-01-05,,,"7003 S HALSTED ST, Chicago, IL 60621",6
Nathan Wilson,10-8-180,2022-01-05,22DS02288M,Liable,"7059 S HALSTED ST, Chicago, IL 60621",6
Adam Corona,10-8-180,2022-01-04,22DS03381M,Liable,"2000 S ASHLAND AVE, Chicago, IL 60608",25
Orven  Rivera,10-8-180; 7-28-261(b); 7-28-710; 7-28-750(b),2022-01-04,22DS03373M,Liable,"2500 N AVERS AVE, Chicago, IL 60647",31
Adam Corona,10-8-180,2022-01-04,22DS03368M,Liable,"1600 S ASHLAND AVE, Chicago, IL 60608",25
MAC ZURAWSKI,10-8-180,2021-10-08,21DS47172M,Liable,"6215 S MORGAN ST, Chicago, IL 60621",16
MAC ZURAWSKI,10-8-180,2021-10-08,,,"6018 S ABERDEEN ST, Chicago, IL 60621",16
Reginald Garrett,10-8-180; 7-28-450(a); 7-28-750(b),2021-02-26,21DS20821M,Liable,"4324 S DREXEL BLVD, Chicago, IL 60653",4
Reginald Garrett,10-8-180,2021-02-25,21DS20759M,Default,"4318 S GREENWOOD AVE, Chicago, IL 60653",4
Reginald Garrett,10-8-180; 7-28-450(a); 7-28-750(a); 7-28-750(b),2021-02-25,,,"4218 S CHAMPLAIN AVE, Chicago, IL 60653",4
Shawn Bradley,10-8-180,2021-02-25,21DS20651M,Liable,"4000 W DIVERSEY AVE, Chicago, IL 60639",31
Donte Winston,10-8-180; 7-28-750(a); 7-28-750(b),2021-02-25,21DS20599M,Non-Suit,"6105 S RICHMOND ST, Chicago, IL 60629",16
Shawn Bradley,10-8-180,2021-02-25,21DS20596M,Non-Suit,"6054 W SCHOOL ST, Chicago, IL 60634",30
Reginald Garrett,10-8-180,2021-02-25,21DS20610M,Liable,"619 E 43RD ST, Chicago, IL 60653",4
Reginald Garrett,10-8-180,2021-02-25,,,"4324 S LANGLEY AVE, Chicago, IL 60653",4
Reginald Garrett,10-8-180,2021-02-25,,,"4338 S LANGLEY AVE, Chicago, IL 60653",4
Alejandro Monzon,10-8-180,2021-02-24,21DS20826M,Liable,"2807 W IRVING PARK RD, Chicago, IL 60618",33
Shawn Bradley,10-8-180,2021-02-24,21DS20723M,Default,"3956 W BELMONT AVE, Chicago, IL 60618",30
CHARLES SIKANICH,10-8-180,2021-02-24,21DS20661M,Non-Suit,"5956 W HIGGINS AVE, Chicago, IL 60630",45
William Hohenadel,10-8-180,2021-02-23,21DS20545M,Default,"6550 N CLARK ST, Chicago, IL 60626",40
William Hohenadel,10-8-180,2021-02-23,21DS20544M,Liable,"6542 N CLARK ST, Chicago, IL 60626",40
Edward Fernandez,10-8-180; 7-28-261(b); 7-28-710,2021-02-23,21DS20805M,Liable,"2735 - 2747W LE MOYNE ST, Chicago, IL 60622",1
Reginald Garrett,10-8-180,2021-02-23,21DS20734M,Liable,"716 - 718E BOWEN AVE, Chicago, IL 60653",4
Reginald Garrett,10-8-180,2021-02-23,21DS20733M,Default,"656 E BOWEN AVE, Chicago, IL 60653",4
Reginald Garrett,10-8-180,2021-02-23,21DS20730M,Liable,"618 E BOWEN AVE, Chicago, IL 60653",4
Reginald Garrett,10-8-180,2021-02-23,,,"619 E BOWEN AVE, Chicago, IL 60653",4
Gary Thomas,10-8-180,2021-02-22,21DS20676M,Liable,"1500 W TAYLOR ST, Chicago, IL 60607",28
Francisco Arroyo,10-8-180,2021-02-22,21DS20699M,Liable,"2010 W 51ST ST, Chicago, IL 60609",15
Francisco Arroyo,10-8-180,2021-02-22,21DS20635M,Not Liable,"5048 - 5054S DAMEN AVE, Chicago, IL 60609",15
Gary Thomas,10-8-180; 7-28-750(b),2021-02-22,21DS20633M,Liable,"3238 W WALNUT ST, Chicago, IL 60624",28
Antonio Reynolds,10-8-180,2021-02-22,21DS19935M,Default,"1415 W 76TH ST, Chicago, IL 60620",17
Donte Winston,10-8-180,2021-02-22,21DS20615M,Default,"6307 - 6309S ARTESIAN AVE, Chicago, IL 60629",16
Donte Winston,10-8-180,2021-02-20,21DS20811M,Default,"6701 S RACINE AVE, Chicago, IL 60636",16
William Hohenadel,10-8-180,2021-02-19,21DS20784M,Liable,"1617 W DEVON AVE, Chicago, IL 60660",40
William Hohenadel,10-8-180,2021-02-19,21DS20801M,Default,"5501 N ASHLAND AVE, Chicago, IL 60640",40
Rafael Coreas,10-8-180,2021-02-19,21DS20799M,Liable,"5500 S ARCHER AVE, Chicago, IL 60638",14
Donte Winston,10-8-180,2021-02-17,21DS20793M,Default,"2300 W 63RD ST, Chicago, IL 60636",16
William Hohenadel,10-8-180,2021-02-17,21DS20792M,Default,"5216 - 5224N LINCOLN AVE, Chicago, IL 60625",40
Gary Thomas,10-8-180; 7-28-450(a),2021-02-16,21DS20719M,Non-Suit,"100 N KEDZIE AVE, Chicago, IL 60612",28
Gary Thomas,10-8-180,2021-02-14,21DS20750M,Non-Suit,"100 N KEDZIE AVE, Chicago, IL 60612",28
Donte Winston,10-8-180; 7-28-070; 7-28-080,2021-02-13,21DS20741M,Liable,"932 - 936W 59TH ST, Chicago, IL 60621",16
Francisco Arroyo,10-8-180,2021-02-12,21DS20687M,Non-Suit,"1808 W 47TH ST, Chicago, IL 60609",15
Francisco Arroyo,10-8-180,2021-02-12,21DS20694M,Liable,"1614 W 47TH ST, Chicago, IL 60609",15
Francisco Arroyo,10-8-180,2021-02-12,21DS20693M,Default,"4426 - 4430S ASHLAND AVE, Chicago, IL 60609",15
Francisco Arroyo,10-8-180,2021-02-12,,,"4420 - 4424S ASHLAND AVE, Chicago, IL 60609",15
Francisco Arroyo,10-8-180; 7-28-750(b),2021-02-12,21DS20686M,Default,"4420 - 4424S ASHLAND AVE, Chicago, IL 60609",15
Francisco Arroyo,10-8-180; 7-28-750(b),2021-02-12,21DS20692M,Default,"4416 - 4418S ASHLAND AVE, Chicago, IL 60609",15
Francisco Arroyo,10-8-180; 7-28-750(b),2021-02-12,21DS20691M,Default,"4412 - 4414S ASHLAND AVE, Chicago, IL 60609",15
Francisco Arroyo,10-8-180; 7-28-750(b),2021-02-12,21DS20690M,Default,"4412 - 4414S ASHLAND AVE, Chicago, IL 60609",15
Francisco Arroyo,10-8-180; 7-28-750(b),2021-02-12,21DS20689M,Default,"4412 - 4414S ASHLAND AVE, Chicago, IL 60609",15
Francisco Arroyo,10-8-180,2021-02-12,21DS20685M,Liable,"4443 - 4453S ASHLAND AVE, Chicago, IL 60609",11
Francisco Arroyo,10-8-180,2021-02-12,21DS20688M,Liable,"4601 - 4603S ASHLAND AVE, Chicago, IL 60609",15
Nathan Wilson,10-8-180,2021-02-11,21DS19415M,Default,"111 W 75TH ST, Chicago, IL 60620",6
Nathan Wilson,10-8-180,2021-02-11,21DS19335M,Default,"7059 S STATE ST, Chicago, IL 60637",6
Nathan Wilson,10-8-180,2021-02-11,21DS19333M,Non-Suit,"7055 S ST LAWRENCE AVE, Chicago, IL 60637",6
Nathan Wilson,10-8-180,2021-02-11,21DS19332M,Liable,"605 E 71ST ST, Chicago, IL 60619",6
Nathan Wilson,10-8-180,2021-02-11,21DS19331M,Default,"547 - 551E 71ST ST, Chicago, IL 60619",6
Nathan Wilson,10-8-180,2021-02-11,21DS19330M,Liable,"7100 S PRAIRIE AVE, Chicago, IL 60619",6
Nathan Wilson,10-8-180; 7-28-750(a),2021-02-11,21DS19329M,Default,"7101 S MICHIGAN AVE, Chicago, IL 60619",6
Nathan Wilson,10-8-180,2021-02-11,21DS19327M,Liable,"75 E 71ST ST, Chicago, IL 60619",6
Nathan Wilson,10-8-180; 7-28-260(a),2021-02-11,21DS19326M,Liable,"51 E 71ST ST, Chicago, IL 60619",6
Nathan Wilson,10-8-180,2021-02-11,21DS19325M,Liable,"7108 S WABASH AVE, Chicago, IL 60619",6
Nathan Wilson,10-8-180,2021-02-11,21DS19324M,Non-Suit,"7105 - 7117S STATE ST, Chicago, IL 60619",6
Nathan Wilson,10-8-180,2021-02-11,21DS19320M,Liable,"250 W 75TH ST, Chicago, IL 60621",6
Gary Thomas,10-8-180,2021-02-10,21DS20518M,Liable,"10 N KILBOURN AVE, Chicago, IL 60624",28
Gary Thomas,10-8-180,2021-02-10,21DS20509M,Liable,"151 N CICERO AVE, Chicago, IL 60644",28
Gary Thomas,10-8-180,2021-02-10,21DS20541M,Liable,"3345 W Washington BLVD, Chicago, IL 60624",28
Gary Thomas,10-8-180,2021-02-10,21DS20489M,Liable,"3328 W WASHINGTON BLVD, Chicago, IL 60624",28
Gary Thomas,10-8-180; 7-28-450(a); 7-28-750(b),2021-02-10,21DS20487M,Non-Suit,"3311 - 3325W WASHINGTON BLVD, Chicago, IL 60624",28
Gary Thomas,10-8-180,2021-02-10,21DS20485M,Default,"3222 W WASHINGTON BLVD, Chicago, IL 60624",28
Gary Thomas,10-8-180,2021-02-10,21DS20484M,Liable,"3220 W WASHINGTON BLVD, Chicago, IL 60624",28
Gary Thomas,10-8-180,2021-02-10,21DS20483M,Liable,"100 N KEDZIE AVE, Chicago, IL 60612",28
Nathan Wilson,10-8-180,2021-02-09,21DS19297M,Liable,"7601 S STATE ST, Chicago, IL 60619",6
Nathan Wilson,10-8-180,2021-02-09,21DS19296M,Liable,"8252 S DR MARTIN LUTHER KING JR DR, Chicago, IL 60619",6
Nathan Wilson,10-8-180,2021-02-09,21DS19295M,Liable,"8307 S DR MARTIN LUTHER KING JR DR, Chicago, IL 60619",6
William Hohenadel,10-8-180,2021-02-09,21DS20400M,Default,"5220 N LINCOLN AVE, Chicago, IL 60625",40
Francisco Arroyo,10-8-180; 7-28-750(b),2021-02-08,21DS20384M,Liable,"5004 S WINCHESTER AVE, Chicago, IL 60609",15
William Hohenadel,10-8-180,2021-02-08,21DS20379M,Liable,"2257 - 2259W FOSTER AVE, Chicago, IL 60625",40
Curtis McDaniel,10-8-180,2021-02-05,21DS19247M,Default,"9037 S BISHOP ST, Chicago, IL 60620",21
Thomas Kostrzeski,10-8-180,2021-02-05,21DS20339M,Not Liable,"1200 W BELMONT AVE, Chicago, IL 60657",44
Francisco Arroyo,10-8-180,2021-02-04,21DS20313M,Liable,"4856 S HERMITAGE AVE, Chicago, IL 60609",15
Scott Jaburek,10-8-180,2021-02-04,21DS20295M,Not Liable,"2807 W IRVING PARK RD, Chicago, IL 60618",33
CHARLES SIKANICH,10-8-180,2021-02-04,21DS20291M,Non-Suit,"5956 W HIGGINS AVE, Chicago, IL 60630",45
William Hohenadel,10-8-180,2021-02-03,21DS20281M,Default,"2321 W FOSTER AVE, Chicago, IL 60625",40
Shawn Bradley,10-8-180,2021-02-03,21DS20279M,Liable,"5322 W FULLERTON AVE, Chicago, IL 60639",30
William Hohenadel,10-8-180,2021-02-03,21DS20262M,Liable,"5052 - 5058N ASHLAND AVE, Chicago, IL 60640",40
Manuel Heredia,10-8-180,2021-02-03,21DS20257M,Not Liable,"2321 S KIRKLAND AVE, Chicago, IL 60623",22
William Hohenadel,10-8-180,2021-02-03,21DS20260M,Default,"2449 W LAWRENCE AVE, Chicago, IL 60625",40
William Hohenadel,10-8-180,2021-02-03,21DS20258M,Not Liable,"5035 N LINCOLN AVE, Chicago, IL 60625",40
William Hohenadel,10-8-180,2021-02-03,21DS20267M,Not Liable,"5050 N LINCOLN AVE, Chicago, IL 60625",40
Alejandro Monzon,10-8-180,2021-02-03,21DS20252M,Liable,"3235 N CALIFORNIA AVE, Chicago, IL 60618",33
Alejandro Monzon,10-8-180,2021-02-03,21DS20255M,Liable,"2816 W IRVING PARK RD, Chicago, IL 60618",33
Francisco Arroyo,10-8-180,2021-02-02,21DS20241M,Liable,"4257 S ARTESIAN AVE, Chicago, IL 60632",15
William Hohenadel,10-8-180,2021-02-02,21DS20236M,Not Liable,"2257 - 2259W FOSTER AVE, Chicago, IL 60625",40
William Hohenadel,10-8-180,2021-02-02,21DS20234M,Liable,"5233 - 5243N KEDZIE AVE, Chicago, IL 60625",40
CHARLES SIKANICH,10-8-180,2021-02-01,21DS20227M,Liable,"5010 N AUSTIN AVE, Chicago, IL 60630",45
Danny Murphy,10-8-180,2021-01-29,21DS20206M,Liable,"7356 N ASHLAND BLVD, Chicago, IL 60626",49
Pete Tortorice,10-8-180,2021-01-27,21DS20180M,Liable,"5153 - 5159W DIVERSEY AVE, Chicago, IL 60639",31
Nathan Wilson,10-8-180; 7-28-080; 7-28-240; 7-28-261(b); 7-28-710,2021-01-27,21DS19144M,Non-Suit,"7056 - 7058S PARNELL AVE, Chicago, IL 60621",6
Antonio Reynolds,10-8-180,2021-01-26,21DS19793M,Liable,"7030 S ASHLAND AVE, Chicago, IL 60636",17
Shawn Bradley,10-8-180,2021-01-21,21DS19965M,Liable,"6107 - 6111W DIVERSEY AVE, Chicago, IL 60639",30
Shawn Bradley,10-8-180,2021-01-21,21DS19964M,Default,"6101 W DIVERSEY AVE, Chicago, IL 60639",30
Gary Thomas,10-8-180,2021-01-04,21DS19106M,Liable,"801 S LAFLIN ST, Chicago, IL 60607",28
Donte Winston,10-8-180; 7-28-230; 7-28-750(a),2021-01-02,21DS18451M,Default,"6945 S CARPENTER ST, Chicago, IL 60621",6
Francisco Arroyo,10-8-180,2020-02-28,20DS78649L,Liable,"3041 W POPE JOHN PAUL II DR, CHICAGO, IL 60632",15
Francisco Arroyo,10-8-180,2020-02-28,20DS78645L,Liable,"3037 W POPE JOHN PAUL II DR, CHICAGO, IL 60632",15
Francisco Arroyo,10-8-180; 7-28-750(B),2020-02-28,20DS78654L,Non-Suit,"5013 S WINCHESTER AVE, CHICAGO, IL 60609",15
Francisco Arroyo,10-8-180,2020-02-28,20DS78676L,Non-Suit,"5004 S WINCHESTER AVE, CHICAGO, IL 60609",15
Francisco Arroyo,10-8-180,2020-02-27,20DS78578L,Liable,"4800 S HONORE ST, CHICAGO, IL 60609",15
Donte Winston,10-32-050; 10-8-180; 4-228-210; 4-4-310; 7-28-710; 7-28-720,2020-02-27,20DS78494L,Default,"5841 - 5845S OAKLEY AVE, CHICAGO, IL",16
Francisco Arroyo,10-8-180,2020-02-16,20DS77767L,Liable,"5600 S WASHTENAW AVE, CHICAGO, IL 60629",15
Alejandro Monzon,10-8-180,2020-02-15,20DS77811L,Non-Suit,"2612 W BARRY AVE, CHICAGO, IL 60618",33
Donte Winston,10-8-180; 7-28-261(B); 7-28-710,2020-02-14,20DS77693L,Non-Suit,"6612 S LOOMIS BLVD, CHICAGO, IL 60636",16
Francisco Arroyo,10-8-180; 7-28-750(A); 7-28-750(B),2020-02-14,20DS77695L,Non-Suit,"2557 W 45TH ST, CHICAGO, IL 60632",15
Francisco Arroyo,10-8-180,2020-02-07,20DS77386L,Non-Suit,"5000 - 5046S WOLCOTT AVE, CHICAGO, IL",20
Martin Casey,10-8-180; 13-32-125(2E),2020-02-07,20DS77340L,Non-Suit,"2668 N LINCOLN AVE, CHICAGO, IL 60614",43
Donte Winston,10-8-180; 4-228-210; 7-28-120(A); 7-28-710; 7-28-720; 7-28-750(B),2020-01-31,20DS77140L,Default,"6349 S WESTERN AVE, CHICAGO, IL 60636",16
Reginald Garrett,10-8-180; 7-28-230,2020-01-26,20DS76208L,Liable,"831 - 833E OAKWOOD BLVD, CHICAGO, IL",4
William Hohenadel,10-8-180,2020-01-24,20DS76255L,Liable,"2321 W FOSTER AVE, CHICAGO, IL 60625",40
William Hohenadel,10-8-180,2020-01-24,20DS76212L,Liable,"2341 W FOSTER AVE, CHICAGO, IL 60625",40
William Hohenadel,10-8-180,2020-01-24,20DS76337L,Liable,"2343 W FOSTER AVE, CHICAGO, IL 60625",40
Reginald Garrett,10-8-180,2020-01-24,20DS76032L,Liable,"4504 S WOODLAWN AVE, CHICAGO, IL 60653",4
Luis Pena,10-8-180,2020-01-24,20DS76173L,Non-Suit,"2256 N LAMON AVE, CHICAGO, IL 60639",36
William Hohenadel,10-8-180,2020-01-23,20DS76051L,Liable,"2257 - 2259W FOSTER AVE, CHICAGO, IL",40
William Hohenadel,10-8-180,2020-01-23,20DS76242L,Liable,"1623 W THORNDALE AVE, CHICAGO, IL 60660",40
Erick Norton,10-8-180,2020-01-23,20DS76774L,Not Liable,"4605 N HERMITAGE AVE, CHICAGO, IL 60640",47
Adam Corona,10-8-180,2020-01-23,20DS76052L,Default,"1757 - 1759W 18TH ST, CHICAGO, IL",25
Reginald Garrett,10-8-180,2020-01-22,20DS76329L,Liable,"4314 S GREENWOOD AVE, CHICAGO, IL 60653",4
Reginald Garrett,10-8-180,2020-01-22,20DS76128L,Liable,"4426 S GREENWOOD AVE, CHICAGO, IL 60653",4
Reginald Garrett,10-8-180,2020-01-22,20DS77477L,Non-Suit,"4438 S GREENWOOD AVE, CHICAGO, IL 60653",4
Francisco Arroyo,10-8-180,2020-01-22,20DS76224L,Liable,"4801 - 4815S WESTERN AVE, CHICAGO, IL",15
Reginald Garrett,10-8-180,2020-01-22,20DS75965L,Liable,"4454 S GREENWOOD AVE, CHICAGO, IL 60653",4
Reginald Garrett,10-8-180,2020-01-22,20DS75964L,Liable,"4446 S GREENWOOD AVE, CHICAGO, IL 60653",4
Danny Murphy,10-8-180,2020-01-22,20DS75940L,Liable,"7105 N RIDGE BLVD, CHICAGO, IL 60645",49
Reginald Garrett,10-8-180,2020-01-22,20DS75973L,Liable,"4531 S GREENWOOD AVE, CHICAGO, IL 60653",4
Reginald Garrett,10-8-180,2020-01-22,20DS75933L,Non-Suit,"4533 S GREENWOOD AVE, CHICAGO, IL 60653",4
Reginald Garrett,10-8-180,2020-01-22,20DS76218L,Default,"4539 S GREENWOOD AVE, CHICAGO, IL 60653",4
Reginald Garrett,10-8-180,2020-01-22,20DS76268L,Default,"4537 S GREENWOOD AVE, CHICAGO, IL 60653",4
Reginald Garrett,10-8-180,2020-01-22,20DS75950L,Default,"4504 S WOODLAWN AVE, CHICAGO, IL 60653",4
Francisco Arroyo,10-8-180,2020-01-22,20DS76210L,Default,"2034 W 51ST ST, CHICAGO, IL 60609",15
Francisco Arroyo,10-8-180,2020-01-22,20DS76304L,Default,"5048 - 5054S DAMEN AVE, CHICAGO, IL",15
Francisco Arroyo,10-8-180,2020-01-22,20DS76087L,Liable,"5055 S WINCHESTER AVE, CHICAGO, IL 60609",15
Francisco Arroyo,10-8-180,2020-01-22,20DS76000L,Default,"4959 S DAMEN AVE, CHICAGO, IL 60609",15
Francisco Arroyo,10-8-180,2020-01-22,20DS75986L,Liable,"4949 S SEELEY AVE, CHICAGO, IL 60609",15
Francisco Arroyo,10-8-180; 7-28-261(B),2020-01-22,20DS76344L,Default,"2023 W 50TH ST, CHICAGO, IL 60609",15
Francisco Arroyo,10-8-180,2020-01-22,20DS76293L,Liable,"4955 - 4957S HOYNE AVE, CHICAGO, IL 60609",15
Francisco Arroyo,10-8-180,2020-01-22,20DS76065L,Liable,"4956 S HOYNE AVE, CHICAGO, IL 60609",15
Francisco Arroyo,10-8-180,2020-01-22,20DS76064L,Liable,"4945 S HOYNE AVE, CHICAGO, IL 60609",15
Francisco Arroyo,10-8-180,2020-01-22,20DS76199L,Liable,"4803 S SEELEY AVE, CHICAGO, IL 60609",15
Francisco Arroyo,10-8-180,2020-01-22,20DS76201L,Liable,"4738 - 4740S DAMEN AVE, CHICAGO, IL 60609",15
Francisco Arroyo,10-8-180,2020-01-22,20DS76169L,Non-Suit,"1756 W 48TH ST, CHICAGO, IL 60609",15
Francisco Arroyo,10-8-180,2020-01-22,20DS79222L,Liable,"1756 W 48TH ST, CHICAGO, IL 60609",15
Mike Restivo,10-8-180,2020-01-22,20DS76124L,Liable,"579 W HAWTHORNE PL, CHICAGO, IL 60657",44
Mike Restivo,10-8-180,2020-01-22,20DS76055L,Default,"749 W CORNELIA AVE, CHICAGO, IL 60657",44
Francisco Arroyo,10-8-180,2020-01-22,20DS75935L,Liable,"4201 S FAIRFIELD AVE, CHICAGO, IL 60632",15
Francisco Arroyo,10-8-180,2020-01-22,20DS75957L,Liable,"4201 S CALIFORNIA AVE, CHICAGO, IL 60632",15
Francisco Arroyo,10-8-180,2020-01-22,20DS76635L,Liable,"2916 W POPE JOHN PAUL II DR, CHICAGO, IL 60632",15
Francisco Arroyo,10-8-180,2020-01-22,20DS75906L,Liable,"2619 W POPE JOHN PAUL II DR, CHICAGO, IL 60632",15
Francisco Arroyo,10-8-180,2020-01-22,20DS77795L,Default,"2525 W POPE JOHN PAUL II DR, CHICAGO, IL 60632",15
Francisco Arroyo,10-8-180,2020-01-22,20DS76178L,Liable,"2445 W POPE JOHN PAUL II DR, CHICAGO, IL 60632",15
Francisco Arroyo,10-8-180,2020-01-22,20DS75995L,Default,"2439 W POPE JOHN PAUL II DR, CHICAGO, IL 60632",15
Francisco Arroyo,10-8-180,2020-01-22,20DS75992L,Liable,"2419 W POPE JOHN PAUL II DR, CHICAGO, IL 60632",15
Francisco Arroyo,10-8-180,2020-01-22,20DS75969L,Default,"4201 S ARTESIAN AVE, CHICAGO, IL 60632",15
Francisco Arroyo,10-8-180,2020-01-22,20DS76159L,Default,"4200 S ROCKWELL ST, CHICAGO, IL 60632",15
Francisco Arroyo,10-8-180,2020-01-22,20DS75943L,Liable,"4210 S ROCKWELL ST, CHICAGO, IL 60632",15
Francisco Arroyo,10-8-180,2020-01-22,20DS77441L,Non-Suit,"4409 S ROCKWELL ST, CHICAGO, IL 60632",15
Francisco Arroyo,10-8-180,2020-01-22,20DS75850L,Liable,"4500 S ROCKWELL ST, CHICAGO, IL 60632",15
William Hohenadel,10-8-180,2020-01-22,20DS75858L,Default,"4921 N TALMAN AVE, CHICAGO, IL 60625",40
Francisco Arroyo,10-8-180,2020-01-22,20DS76001L,Liable,"4534 S ROCKWELL ST, CHICAGO, IL 60632",15
Francisco Arroyo,10-8-180,2020-01-22,20DS75880L,Liable,"4528 S ROCKWELL ST, CHICAGO, IL 60632",15
Francisco Arroyo,10-8-180,2020-01-22,20DS78298L,Non-Suit,"4601 S ROCKWELL ST, CHICAGO, IL 60632",15
Francisco Arroyo,10-8-180,2020-01-22,20DS75889L,Liable,"5945 S WOOD ST, CHICAGO, IL 60636",15
Francisco Arroyo,10-8-180,2020-01-22,20DS75875L,Non-Suit,"5943 S WOOD ST, CHICAGO, IL 60636",15
Francisco Arroyo,10-8-180,2020-01-22,20DS76031L,Non-Suit,"5941 S WOOD ST, CHICAGO, IL 60636",15
Francisco Arroyo,10-8-180,2020-01-22,20DS75804L,Liable,"5658 S HONORE ST, CHICAGO, IL 60636",15
Donte Winston,10-8-180; 7-28-750(B),2020-01-22,20DS75787L,Liable,"5421 S ASHLAND AVE, CHICAGO, IL 60609",16
Donte Winston,10-8-180,2020-01-22,20DS75798L,Default,"5407 S ASHLAND AVE, CHICAGO, IL 60609",16
Danny Murphy,10-8-180,2020-01-22,20DS76007L,Default,"2036 - 2038W ESTES AVE, CHICAGO, IL",49
Marcello Siggers,10-8-180,2020-01-22,20DS76120L,Default,"2501 E 79TH ST, CHICAGO, IL 60649",7
Marcello Siggers,10-8-180,2020-01-22,,,"7901 S KINGSTON AVE, CHICAGO, IL 60617",7
Marcello Siggers,10-8-180,2020-01-22,20DS77372L,Default,"7901 S KINGSTON AVE, CHICAGO, IL 60617",7
Francisco Arroyo,10-8-180,2020-01-22,20DS76027L,Default,"5644 - 5652S WESTERN AVE, CHICAGO, IL",15
Francisco Arroyo,10-8-180,2020-01-22,20DS78417L,Liable,"5628 S WESTERN AVE, CHICAGO, IL 60636",15
Marcello Siggers,10-8-180,2020-01-22,20DS76024L,Liable,"7747 S PHILLIPS AVE, CHICAGO, IL 60649",7
Francisco Arroyo,10-8-180,2020-01-22,20DS75718L,Liable,"2301 W GARFIELD BLVD, CHICAGO, IL 60636",15
Francisco Arroyo,10-8-180,2020-01-22,,,"2251 W GARFIELD BLVD, CHICAGO, IL 60636",15
Marcello Siggers,10-8-180,2020-01-22,20DS75976L,Default,"7701 S PHILLIPS AVE, CHICAGO, IL 60649",7
Francisco Arroyo,10-8-180,2020-01-22,20DS75927L,Default,"5500 S DAMEN AVE, CHICAGO, IL 60636",15
Francisco Arroyo,10-8-180,2020-01-22,20DS75908L,Default,"5516 - 5518S DAMEN AVE, CHICAGO, IL",15
Francisco Arroyo,10-8-180,2020-01-22,20DS75916L,Default,"5524 S DAMEN AVE, CHICAGO, IL 60636",15
Francisco Arroyo,10-8-180,2020-01-22,20DS76122L,Liable,"5601 S DAMEN AVE, CHICAGO, IL 60636",15
Francisco Arroyo,10-8-180,2020-01-22,20DS76115L,Liable,"6501 S HERMITAGE AVE, CHICAGO, IL 60636",15
Francisco Arroyo,10-8-180,2020-01-22,20DS76168L,Default,"6500 S MARSHFIELD AVE, CHICAGO, IL 60636",15
Francisco Arroyo,10-8-180,2020-01-22,,,"6422 S ASHLAND AVE, CHICAGO, IL 60636",15
Francisco Arroyo,10-8-180,2020-01-22,20DS75941L,Default,"6414 S ASHLAND AVE, CHICAGO, IL 60636",15
Francisco Arroyo,10-8-180,2020-01-22,20DS75953L,Liable,"2111 W GARFIELD BLVD, CHICAGO, IL 60636",15
Danny Murphy,10-8-180,2020-01-22,20DS76026L,Liable,"1631 W MORSE AVE, CHICAGO, IL 60626",49
Francisco Arroyo,10-8-180,2020-01-22,20DS75909L,Liable,"2057 W GARFIELD BLVD, CHICAGO, IL 60636",15
Rafael Coreas,10-8-180,2020-01-22,20DS75870L,Liable,"5874 S ARCHER AVE, CHICAGO, IL 60638",14
Nathan Wilson,10-8-180; 7-28-710,2020-01-22,20DS75837L,Default,"7628 S UNION AVE, CHICAGO, IL 60620",6
PHILIP MICHALIK,10-8-180,2020-01-22,20DS76079L,Non-Suit,"11914 S LOWE AVE, CHICAGO, IL 60628",34
Francisco Arroyo,10-8-180,2020-01-21,20DS75871L,Liable,"5001 S WESTERN BLVD, CHICAGO, IL 60609",15
Francisco Arroyo,10-8-180,2020-01-21,20DS75876L,Liable,"2614 W 48TH ST, CHICAGO, IL 60632",15
Francisco Arroyo,10-8-180,2020-01-21,20DS75863L,Liable,"26251 - 2625W 47TH ST, CHICAGO, IL",15
Francisco Arroyo,10-8-180,2020-01-21,20DS75789L,Liable,"2706 W 47TH ST, CHICAGO, IL 60632",15
Francisco Arroyo,10-8-180,2020-01-21,20DS75919L,Liable,"2559 W 47TH ST, CHICAGO, IL 60632",15
CHARLES SIKANICH,10-8-180,2020-01-21,20DS78668L,Liable,"5316 N MILWAUKEE AVE, CHICAGO, IL 60630",45
Danny Murphy,10-8-180,2020-01-21,20DS75874L,Non-Suit,"1516 W FARWELL AVE, CHICAGO, IL 60626",49
Francisco Arroyo,10-8-180,2020-01-21,20DS75981L,Default,"2701 W POPE JOHN PAUL II DR, CHICAGO, IL 60632",15
Danny Murphy,10-8-180,2020-01-21,20DS75772L,Liable,"1425 W MORSE AVE, CHICAGO, IL 60626",49
Rafael Coreas,10-8-180; 7-28-750(A),2020-01-21,20DS76449L,Liable,"4829 S KEDZIE AVE, CHICAGO, IL 60632",14
Rafael Coreas,10-8-180,2020-01-21,20DS75920L,Liable,"4385 S ARCHER AVE, CHICAGO, IL 60632",14
Rafael Coreas,10-8-180,2020-01-21,,,"4000 S KEDZIE AVE, CHICAGO, IL 60632",14
Francisco Arroyo,10-8-180,2020-01-21,20DS76094L,Liable,"4363 S ARCHER AVE, CHICAGO, IL 60632",15
Francisco Arroyo,10-8-180,2020-01-21,20DS77717L,Non-Suit,"4524 S WESTERN AVE, CHICAGO, IL 60609",15
Francisco Arroyo,10-8-180,2020-01-21,20DS76186L,Liable,"4500 S WESTERN AVE, CHICAGO, IL 60609",15
Francisco Arroyo,10-8-180,2020-01-21,20DS76139L,Liable,"4442 S WESTERN AVE, CHICAGO, IL 60609",15
Francisco Arroyo,10-8-180; 7-28-750(B),2020-01-21,20DS75994L,Liable,"4448 S WESTERN AVE, CHICAGO, IL 60609",15
Francisco Arroyo,10-8-180,2020-01-21,20DS75936L,Liable,"4348 S WESTERN AVE, CHICAGO, IL 60609",15
William Hohenadel,10-8-180,2020-01-21,20DS75956L,Liable,"2415 W PETERSON AVE, CHICAGO, IL 60659",40
Francisco Arroyo,10-8-180; 7-28-750(B),2020-01-21,20DS76077L,Liable,"4326 - 4328S WESTERN AVE, CHICAGO, IL",15
Adam Corona,10-8-180,2020-01-21,20DS75946L,Liable,"2555 S BLUE ISLAND AVE, CHICAGO, IL 60608",25
William Hohenadel,10-8-180,2020-01-21,20DS76133L,Liable,"2457 W PETERSON AVE, CHICAGO, IL 60659",40
William Hohenadel,10-8-180,2020-01-21,20DS76129L,Liable,"2459 W PETERSON AVE, CHICAGO, IL 60659",40
Francisco Arroyo,10-8-180,2020-01-21,20DS75985L,Liable,"1958 W 47TH ST, CHICAGO, IL 60609",15
Marcello Siggers,10-8-180,2020-01-21,20DS75979L,Liable,"7910 S MUSKEGON AVE, CHICAGO, IL 60617",7
William Hohenadel,10-8-180,2020-01-21,20DS75978L,Liable,"2551 W PETERSON AVE, CHICAGO, IL 60659",40
Francisco Arroyo,10-8-180; 7-28-750(B),2020-01-21,20DS75914L,Non-Suit,"1643 W 47TH ST, CHICAGO, IL 60609",20
Francisco Arroyo,10-8-180,2020-01-21,20DS75602L,Liable,"1614 W 47TH ST, CHICAGO, IL 60609",15
William Hohenadel,10-8-180,2020-01-21,20DS77078L,Liable,"2545 W PETERSON AVE, CHICAGO, IL 60659",40
Francisco Arroyo,10-8-180,2020-01-21,20DS75583L,Liable,"4518 - 4538S ASHLAND AVE, CHICAGO, IL",15
William Hohenadel,10-8-180,2020-01-21,20DS75592L,Liable,"2539 W PETERSON AVE, CHICAGO, IL 60659",40
Francisco Arroyo,10-8-180,2020-01-21,20DS75558L,Liable,"4410 - 4424S ASHLAND AVE, CHICAGO, IL",15
Francisco Arroyo,10-8-180,2020-01-21,20DS75580L,Liable,"4456 S ASHLAND AVE, CHICAGO, IL 60609",15
Francisco Arroyo,10-8-180,2020-01-21,20DS75640L,Liable,"4443 - 4453S ASHLAND AVE, CHICAGO, IL",11
Francisco Arroyo,10-8-180,2020-01-21,20DS75556L,Liable,"1724 W 47TH ST, CHICAGO, IL 60609",15
Francisco Arroyo,10-8-180,2020-01-21,20DS75740L,Default,"1737 W 47TH ST, CHICAGO, IL 60609",15
Francisco Arroyo,10-8-180; 7-28-750(B),2020-01-21,20DS75730L,Liable,"1816 - 1820W 47TH ST, CHICAGO, IL",15
Francisco Arroyo,10-8-180,2020-01-21,20DS75868L,Liable,"1910 W 47TH ST, CHICAGO, IL 60609",15
Francisco Arroyo,10-8-180,2020-01-21,20DS75771L,Liable,"2021 W 47TH ST, CHICAGO, IL 60609",15
Francisco Arroyo,10-8-180,2020-01-21,20DS75589L,Liable,"2000 W 47TH ST, CHICAGO, IL 60609",15
Francisco Arroyo,10-8-180,2020-01-21,20DS75523L,Liable,"2042 W 47TH ST, CHICAGO, IL 60609",12
Francisco Arroyo,10-8-180; 7-28-750(B),2020-01-21,20DS75650L,Liable,"2307 W 47TH ST, CHICAGO, IL 60609",15
Francisco Arroyo,10-8-180,2020-01-21,20DS75886L,Liable,"4701 S WESTERN AVE, CHICAGO, IL 60609",15
Danny Murphy,10-8-180,2020-01-21,20DS75693L,Liable,"1335 - 1349W MORSE AVE, CHICAGO, IL",49
Danny Murphy,10-8-180,2020-01-21,20DS76679L,Liable,"7450 N SHERIDAN RD, CHICAGO, IL 60626",49
Francisco Arroyo,10-8-180,2020-01-21,20DS75688L,Liable,"4801 - 4815S WESTERN AVE, CHICAGO, IL",15
Michael Hehn,10-8-180,2020-01-21,20DS75628L,Default,"6640 N TALMAN AVE, CHICAGO, IL 60645",50
Danny Murphy,10-8-180,2020-01-21,20DS75561L,Liable,"1436 W FARGO AVE, CHICAGO, IL 60626",49
CHARLES SIKANICH,10-8-180,2020-01-20,20DS75603L,Liable,"5956 W HIGGINS AVE, CHICAGO, IL 60630",45
CHARLES SIKANICH,10-8-180,2020-01-20,20DS75792L,Liable,"5035 W FOSTER AVE, CHICAGO, IL 60630",45
CHARLES SIKANICH,10-8-180,2020-01-19,20DS75836L,Liable,"4901 W IRVING PARK RD, CHICAGO, IL 60641",45
George Lawson,10-8-180; 7-28-450(A); 7-28-720; 7-28-750(B),2020-01-13,20DS76790L,Default,"6163 - 6165N NORTHWEST HWY, CHICAGO, IL",41
CHARLES SIKANICH,10-8-180; 7-28-060; 7-28-070; 7-28-220; 7-28-261(B); 7-28-360,2019-12-31,20DS74649L,Liable,"5422 W WINDSOR AVE, CHICAGO, IL 60630",45
Shawn Bradley,10-8-180,2019-11-15,,,"3624 N CICERO AVE, CHICAGO, IL 60641",30
Martin Casey,10-8-180,2019-11-15,20DS72942L,Liable,"935 W WILLOW ST, CHICAGO, IL 60614",43
Francisco Arroyo,10-8-180,2019-11-15,20DS74596L,Liable,"4402 S CALIFORNIA AVE, CHICAGO, IL 60632",15
Danny Murphy,10-8-180,2019-11-15,20DS74580L,Default,"2101 W HOWARD ST, CHICAGO, IL 60645",49
Danny Murphy,10-8-180,2019-11-15,20DS72557L,Liable,"2053 - 2059W HOWARD ST, CHICAGO, IL",49
Marcello Siggers,10-8-180,2019-11-15,19DS72388L,Liable,"7800 S EXCHANGE AVE, CHICAGO, IL 60649",7
Danny Murphy,10-8-180,2019-11-14,19DS72216L,Liable,"1217 W ARTHUR AVE, CHICAGO, IL 60626",49
Danny Murphy,10-8-180,2019-11-14,19DS72191L,Liable,"1215 W ARTHUR AVE, CHICAGO, IL 60626",49
Danny Murphy,10-8-180,2019-11-14,19DS72474L,Liable,"1335 - 1349W MORSE AVE, CHICAGO, IL",49
Adam Corona,10-8-180; 7-28-750(B),2019-11-14,19DS72428L,Liable,"2303 W CERMAK RD, CHICAGO, IL 60608",25
Reginald Garrett,10-8-180,2019-11-14,20DS76779L,Liable,"4324 S DREXEL BLVD, CHICAGO, IL 60653",4
Danny Murphy,10-8-180,2019-11-14,19DS72378L,Liable,"1401 - 1415W PRATT BLVD, CHICAGO, IL 60626",49
Danny Murphy,10-8-180,2019-11-14,19DS72505L,Liable,"6419 N GLENWOOD AVE, CHICAGO, IL 60626",49
Danny Murphy,10-8-180,2019-11-14,19DS72434L,Non-Suit,"6417 N GLENWOOD AVE, CHICAGO, IL 60626",49
Danny Murphy,10-8-180,2019-11-14,19DS72160L,Default,"6929 N SHERIDAN RD, CHICAGO, IL 60626",49
Francisco Arroyo,10-8-180,2019-11-13,19DS68300L,Liable,"4710 - 4724S WESTERN AVE, CHICAGO, IL",15
Francisco Arroyo,10-8-180; 7-28-750(A); 7-28-750(B),2019-11-13,19DS72319L,Liable,"2432 - 2434W 47TH ST, CHICAGO, IL",15
Francisco Arroyo,10-8-180; 7-28-750(A),2019-11-13,20DS73674L,Liable,"2501 - 2503W 47TH ST, CHICAGO, IL",15
Francisco Arroyo,10-8-180; 7-28-750(A),2019-11-13,19DS72311L,Default,"2502 - 2506W 47TH ST, CHICAGO, IL",15
Francisco Arroyo,10-8-180,2019-11-13,19DS72255L,Liable,"2509 W 47TH ST, CHICAGO, IL 60632",15
Francisco Arroyo,10-8-180,2019-11-13,20DS73439L,Liable,"2523 W 47TH ST, CHICAGO, IL 60632",15
Francisco Arroyo,10-8-180; 7-28-720; 7-28-750(B),2019-11-13,19DS72310L,Liable,"2547 - 2549W 47TH ST, CHICAGO, IL",15
Francisco Arroyo,10-8-180,2019-11-13,19DS72301L,Default,"2559 W 47TH ST, CHICAGO, IL 60632",15
Francisco Arroyo,10-8-180; 7-28-750(A); 7-28-750(B),2019-11-13,19DS72224L,Default,"2605 W 47TH ST, CHICAGO, IL 60632",15
Francisco Arroyo,10-8-180,2019-11-13,19DS72178L,Default,"2607 W 47TH ST, CHICAGO, IL 60632",15
Francisco Arroyo,10-8-180,2019-11-13,19DS72172L,Liable,"2646 W 47TH ST, CHICAGO, IL 60632",15
Danny Murphy,10-8-180,2019-11-13,20DS73871L,Liable,"1712 - 1724W PRATT BLVD, CHICAGO, IL",49
Danny Murphy,10-8-180,2019-11-13,20DS75749L,Liable,"6714 - 6730N CLARK ST, CHICAGO, IL",49
Reginald Garrett,10-8-180,2019-11-13,19DS70010L,Default,"715 E 47TH ST, CHICAGO, IL 60653",4
Danny Murphy,10-8-180,2019-11-13,20DS72805L,Liable,"7464 N CLARK ST, CHICAGO, IL 60626",49
Reginald Garrett,10-8-180,2019-11-13,20DS72639L,Liable,"830 S MICHIGAN AVE, CHICAGO, IL 60605",4
Danny Murphy,10-8-180,2019-11-13,20DS72598L,Liable,"6740 - 6746N SHERIDAN RD, CHICAGO, IL",49
Danny Murphy,10-8-180,2019-11-13,20DS74442L,Liable,"6760 - 6762N SHERIDAN RD, CHICAGO, IL",49
Adam Corona,10-8-180,2019-11-13,19DS72200L,Liable,"1751 W 17TH ST, CHICAGO, IL 60608",25
Danny Murphy,10-8-180,2019-11-13,19DS69216L,Liable,"1425 W MORSE AVE, CHICAGO, IL 60626",49
Anthony Coppolillo,10-8-180,2019-11-12,19DS72153L,Liable,"300 W WASHINGTON ST, CHICAGO, IL 60606",42
Nathan Wilson,10-8-180; 7-28-261(B); 7-28-710,2019-11-12,20DS72765L,Liable,"7201 S EVANS AVE, CHICAGO, IL 60619",6
Reginald Garrett,10-8-180,2019-11-12,20DS72695L,Liable,"830 S MICHIGAN AVE, CHICAGO, IL 60605",4
