SR_NUMBER,SR_SHORT_CODE,CREATED_DATE,STREET_ADDRESS,COMMUNITY_AREA,WARD,STATUS,ORIGIN,LATITUDE,LONGITUDE,SR_TYPE,CLOSED_DATE,year,month,date,season,GEOID,COMMUNITY_NAME
SR24-00088099,SWSNOREM,2024-01-15 09:54:58,3161 N LINCOLN AVE,6,32,Open,Mobile Device,41.939343001,-87.667812,Snow – Uncleared Sidewalk Complaint,,2024,1,2024-01-15,2023-2024,6,Lake View
SR24-00080328,SWSNOREM,2024-01-13 11:18:57,815 W ADDISON ST,6,44,Open,Mobile Device,41.947137001,-87.6502305,Snow – Uncleared Sidewalk Complaint,,2024,1,2024-01-13,2023-2024,6,Lake View
SR23-02071156,SWSNOREM,2023-11-30 07:40:57,3258 N SOUTHPORT AVE,6,44,Completed,Internet,41.941476001,-87.664104,Snow – Uncleared Sidewalk Complaint,2023-12-01 10:51:14,2023,11,2023-11-30,2023-2024,6,Lake View
SR24-00081436,SWSNOREM,2024-01-13 14:39:57,3356 N MARSHFIELD AVE,6,32,Open,Internet,41.943141001,-87.670206,Snow – Uncleared Sidewalk Complaint,,2024,1,2024-01-13,2023-2024,6,Lake View
SR23-01897633,SWSNOREM,2023-11-01 13:23:12,3469 N BROADWAY ST,6,44,Completed,Internet,41.944849004,-87.64574532,Snow – Uncleared Sidewalk Complaint,2023-11-06 07:35:34,2023,11,2023-11-01,2023-2024,6,Lake View
SR24-00074882,SWSNOREM,2024-01-12 12:01:12,4026 N PAULINA ST,6,47,Open,Internet,41.955138001,-87.6710025,Snow – Uncleared Sidewalk Complaint,,2024,1,2024-01-12,2023-2024,6,Lake View
SR24-00078016,SWSNOREM,2024-01-12 18:34:04,3244 N LINCOLN AVE,6,32,Open,Mobile Device,41.940873001,-87.6697515,Snow – Uncleared Sidewalk Complaint,,2024,1,2024-01-12,2023-2024,6,Lake View
SR24-00081799,SWSNOREM,2024-01-13 16:05:19,448 W BARRY AVE,6,44,Open,Internet,41.937993001,-87.641406,Snow – Uncleared Sidewalk Complaint,,2024,1,2024-01-13,2023-2024,6,Lake View
SR24-00082000,SWSNOREM,2024-01-13 17:05:08,540 W BRIAR PL,6,44,Open,Phone Call,41.938992001,-87.643512,Snow – Uncleared Sidewalk Complaint,,2024,1,2024-01-13,2023-2024,6,Lake View
SR24-00079930,SWSNOREM,2024-01-13 10:02:41,4401 N CLARK ST,6,46,Open,Phone Call,41.961642493,-87.665959332,Snow – Uncleared Sidewalk Complaint,,2024,1,2024-01-13,2023-2024,6,Lake View
SR24-00081428,SWSNOREM,2024-01-13 14:38:18,3356 N MARSHFIELD AVE,6,32,Open,Internet,41.943141001,-87.670206,Snow – Uncleared Sidewalk Complaint,,2024,1,2024-01-13,2023-2024,6,Lake View
SR24-00088247,SWSNOREM,2024-01-15 10:12:18,5549 W IRVING PARK RD,15,30,Open,Internet,41.953125959,-87.766530726,Snow – Uncleared Sidewalk Complaint,,2024,1,2024-01-15,2023-2024,15,Portage Park
SR23-01903733,SWSNOREM,2023-11-02 11:59:47,5237 W WARWICK AVE,15,30,Completed,Mobile Device,41.948523001,-87.758406,Snow – Uncleared Sidewalk Complaint,2023-11-06 06:58:26,2023,11,2023-11-02,2023-2024,15,Portage Park
SR24-00076060,SWSNOREM,2024-01-12 13:51:42,4831 W BELLE PLAINE AVE,15,45,Open,Phone Call,41.955120001,-87.7487445,Snow – Uncleared Sidewalk Complaint,,2024,1,2024-01-12,2023-2024,15,Portage Park
SR24-00088956,SWSNOREM,2024-01-15 12:18:00,5353 W EDDY ST,15,30,Open,Internet,41.944962968,-87.761497366,Snow – Uncleared Sidewalk Complaint,,2024,1,2024-01-15,2023-2024,15,Portage Park
SR24-00090553,SWSNOREM,2024-01-15 17:22:26,4341 N MASON AVE,15,38,Open,Mobile Device,41.959782001,-87.775497,Snow – Uncleared Sidewalk Complaint,,2024,1,2024-01-15,2023-2024,15,Portage Park
SR24-00090562,SWSNOREM,2024-01-15 17:24:32,4335 N MASON AVE,15,38,Open,Mobile Device,41.959611001,-87.775524,Snow – Uncleared Sidewalk Complaint,,2024,1,2024-01-15,2023-2024,15,Portage Park
SR24-00057131,SWSNOREM,2024-01-10 08:27:24,5756 W WINDSOR AVE,15,38,Completed,Mobile Device,41.963445001,-87.7720275,Snow – Uncleared Sidewalk Complaint,2024-01-11 12:58:38,2024,1,2024-01-10,2023-2024,15,Portage Park
SR24-00081892,SWSNOREM,2024-01-13 16:34:03,4240 N PARKSIDE AVE,15,38,Open,Mobile Device,41.958054001,-87.768675,Snow – Uncleared Sidewalk Complaint,,2024,1,2024-01-13,2023-2024,15,Portage Park
SR24-00082449,SWSNOREM,2024-01-13 20:09:08,5201 W EDDY ST,15,31,Open,Mobile Device,41.944905001,-87.7570605,Snow – Uncleared Sidewalk Complaint,,2024,1,2024-01-13,2023-2024,15,Portage Park
SR24-00078179,SWSNOREM,2024-01-12 19:21:49,5301 N BROADWAY,77,48,Open,Internet,41.978322001,-87.6595185,Snow – Uncleared Sidewalk Complaint,,2024,1,2024-01-12,2023-2024,77,Edgewater
SR24-00078167,SWSNOREM,2024-01-12 19:18:33,5243 N BROADWAY,77,48,Open,Mobile Device,41.977944001,-87.6590055,Snow – Uncleared Sidewalk Complaint,,2024,1,2024-01-12,2023-2024,77,Edgewater
SR24-00081636,SWSNOREM,2024-01-13 15:25:09,1515 W ROSEMONT AVE,77,48,Open,Internet,41.996205001,-87.668433,Snow – Uncleared Sidewalk Complaint,,2024,1,2024-01-13,2023-2024,77,Edgewater
SR24-00081999,SWSNOREM,2024-01-13 17:04:08,5557 N WAYNE AVE,77,48,Open,Mobile Device,41.983434001,-87.6634515,Snow – Uncleared Sidewalk Complaint,,2024,1,2024-01-13,2023-2024,77,Edgewater
SR24-00083434,SWSNOREM,2024-01-14 08:08:29,5815 N WINTHROP AVE,77,48,Open,Internet,41.987871001,-87.6578085,Snow – Uncleared Sidewalk Complaint,,2024,1,2024-01-14,2023-2024,77,Edgewater
SR24-00049709,SWSNOREM,2024-01-09 07:26:06,4337 W 17TH ST,29,24,Completed,Phone Call,41.857677001,-87.73371,Snow – Uncleared Sidewalk Complaint,2024-01-09 12:07:07,2024,1,2024-01-09,2023-2024,29,North Lawndale
SR24-00056379,SWSNOREM,2024-01-10 06:29:11,1834 S SPAULDING AVE,29,24,Open,Phone Call,41.855824856,-87.707871591,Snow – Uncleared Sidewalk Complaint,,2024,1,2024-01-10,2023-2024,29,North Lawndale
SR24-00057631,SWSNOREM,2024-01-10 09:18:23,1836 S SPAULDING AVE,29,24,Open,Phone Call,41.855769001,-87.708159,Snow – Uncleared Sidewalk Complaint,,2024,1,2024-01-10,2023-2024,29,North Lawndale
SR24-00075403,SWSNOREM,2024-01-12 12:54:22,1833 S SPAULDING AVE,29,24,Open,Phone Call,41.856012001,-87.707466,Snow – Uncleared Sidewalk Complaint,,2024,1,2024-01-12,2023-2024,29,North Lawndale
SR24-00081003,SWSNOREM,2024-01-13 13:12:56,1834 S SPAULDING AVE,29,24,Open,Internet,41.855824856,-87.707871591,Snow – Uncleared Sidewalk Complaint,,2024,1,2024-01-13,2023-2024,29,North Lawndale
SR24-00083007,SWSNOREM,2024-01-14 01:56:28,1114 S FRANCISCO AVE,29,28,Open,Phone Call,41.867802001,-87.6986685,Snow – Uncleared Sidewalk Complaint,,2024,1,2024-01-14,2023-2024,29,North Lawndale
SR23-02117489,SWSNOREM,2023-12-07 12:27:43,1919 S TRUMBULL AVE,29,24,Completed,Internet,41.855184001,-87.7110075,Snow – Uncleared Sidewalk Complaint,2023-12-20 11:49:30,2023,12,2023-12-07,2023-2024,29,North Lawndale
SR24-00057633,SWSNOREM,2024-01-10 09:18:43,1833 S SPAULDING AVE,29,24,Open,Phone Call,41.856012001,-87.707466,Snow – Uncleared Sidewalk Complaint,,2024,1,2024-01-10,2023-2024,29,North Lawndale
SR24-00057620,SWSNOREM,2024-01-10 09:17:53,1834 S SPAULDING AVE,29,24,Open,Phone Call,41.855824856,-87.707871591,Snow – Uncleared Sidewalk Complaint,,2024,1,2024-01-10,2023-2024,29,North Lawndale
SR24-00079106,SWSNOREM,2024-01-13 06:17:54,1834 S SPAULDING AVE,29,24,Open,Internet,41.855824856,-87.707871591,Snow – Uncleared Sidewalk Complaint,,2024,1,2024-01-13,2023-2024,29,North Lawndale
SR24-00051525,SWSNOREM,2024-01-09 10:50:26,6933 S PULASKI RD,65,23,Completed,Phone Call,41.766552001,-87.7220775,Snow – Uncleared Sidewalk Complaint,2024-01-11 08:41:34,2024,1,2024-01-09,2023-2024,65,West Lawn
SR24-00065629,SWSNOREM,2024-01-11 09:04:32,6857 S PULASKI,65,23,Completed,Salesforce Mobile App,41.767920001,-87.721992,Snow – Uncleared Sidewalk Complaint,2024-01-11 10:14:34,2024,1,2024-01-11,2023-2024,65,West Lawn
SR24-00079779,SWSNOREM,2024-01-13 09:38:05,2640 N SHEFFIELD AVE,7,43,Open,Phone Call,41.930136001,-87.654312,Snow – Uncleared Sidewalk Complaint,,2024,1,2024-01-13,2023-2024,7,Lincoln Park
SR24-00075973,SWSNOREM,2024-01-12 13:43:20,1600 N ORCHARD ST,7,27,Open,Phone Call,41.911362001,-87.646086,Snow – Uncleared Sidewalk Complaint,,2024,1,2024-01-12,2023-2024,7,Lincoln Park
SR24-00077090,SWSNOREM,2024-01-12 15:33:45,2641 N DAYTON ST,7,43,Open,Internet,41.930280001,-87.649794,Snow – Uncleared Sidewalk Complaint,,2024,1,2024-01-12,2023-2024,7,Lincoln Park
SR24-00080844,SWSNOREM,2024-01-13 12:36:20,2717 N LEAVITT ST,7,32,Open,Phone Call,41.930902686,-87.680308452,Snow – Uncleared Sidewalk Complaint,,2024,1,2024-01-13,2023-2024,7,Lincoln Park
SR24-00089375,SWSNOREM,2024-01-15 13:30:06,737 W WILLOW ST,7,2,Open,Internet,41.913778006,-87.647404227,Snow – Uncleared Sidewalk Complaint,,2024,1,2024-01-15,2023-2024,7,Lincoln Park
SR24-00089380,SWSNOREM,2024-01-15 13:31:01,717 W WILLOW ST,7,2,Open,Internet,41.913639001,-87.6467295,Snow – Uncleared Sidewalk Complaint,,2024,1,2024-01-15,2023-2024,7,Lincoln Park
SR24-00077037,SWSNOREM,2024-01-12 15:28:26,2609 N DAYTON ST,7,43,Open,Internet,41.929263001,-87.649938,Snow – Uncleared Sidewalk Complaint,,2024,1,2024-01-12,2023-2024,7,Lincoln Park
SR24-00088878,SWSNOREM,2024-01-15 12:05:38,4150 N KENMORE AVE,3,46,Open,Internet,41.958099001,-87.6565215,Snow – Uncleared Sidewalk Complaint,,2024,1,2024-01-15,2023-2024,3,Uptown
SR23-01894991,SWSNOREM,2023-11-01 09:19:22,4555 N SHERIDAN RD,3,46,Completed,Internet,41.965269936,-87.654731858,Snow – Uncleared Sidewalk Complaint,2023-11-02 10:21:12,2023,11,2023-11-01,2023-2024,3,Uptown
SR24-00076294,SWSNOREM,2024-01-12 14:11:59,4150 N BROADWAY,3,46,Open,Mobile Device,41.958135001,-87.6531375,Snow – Uncleared Sidewalk Complaint,,2024,1,2024-01-12,2023-2024,3,Uptown
SR24-00078077,SWSNOREM,2024-01-12 18:52:58,4872 N CLARK ST,3,47,Open,Mobile Device,41.970978001,-87.6680145,Snow – Uncleared Sidewalk Complaint,,2024,1,2024-01-12,2023-2024,3,Uptown
SR24-00080392,SWSNOREM,2024-01-13 11:28:13,4602 N MARINE DR,3,46,Open,Mobile Device,41.965803001,-87.6492,Snow – Uncleared Sidewalk Complaint,,2024,1,2024-01-13,2023-2024,3,Uptown
SR24-00081817,SWSNOREM,2024-01-13 16:11:16,4179 N MARINE DR,3,46,Open,Mobile Device,41.957874544,-87.646269294,Snow – Uncleared Sidewalk Complaint,,2024,1,2024-01-13,2023-2024,3,Uptown
SR24-00082866,SWSNOREM,2024-01-13 23:40:02,728 W BITTERSWEET PL,3,46,Open,Mobile Device,41.955912001,-87.6483945,Snow – Uncleared Sidewalk Complaint,,2024,1,2024-01-13,2023-2024,3,Uptown
SR24-00082906,SWSNOREM,2024-01-14 00:16:53,744 W BITTERSWEET PL,3,46,Open,Mobile Device,41.955912001,-87.64911,Snow – Uncleared Sidewalk Complaint,,2024,1,2024-01-14,2023-2024,3,Uptown
SR24-00082912,SWSNOREM,2024-01-14 00:25:50,754 W BITTERSWEET PL,3,46,Open,Mobile Device,41.955912001,-87.649461,Snow – Uncleared Sidewalk Complaint,,2024,1,2024-01-14,2023-2024,3,Uptown
SR24-00082914,SWSNOREM,2024-01-14 00:27:44,757 W BITTERSWEET PL,3,46,Open,Mobile Device,41.955585339,-87.649584994,Snow – Uncleared Sidewalk Complaint,,2024,1,2024-01-14,2023-2024,3,Uptown
SR24-00089346,SWSNOREM,2024-01-15 13:24:56,728 W BITTERSWEET PL,3,46,Open,Mobile Device,41.955912001,-87.6483945,Snow – Uncleared Sidewalk Complaint,,2024,1,2024-01-15,2023-2024,3,Uptown
SR24-00074653,SWSNOREM,2024-01-12 11:41:23,4525 N GREENVIEW AVE,3,47,Open,Internet,41.964255001,-87.6670785,Snow – Uncleared Sidewalk Complaint,,2024,1,2024-01-12,2023-2024,3,Uptown
SR24-00082903,SWSNOREM,2024-01-14 00:14:24,722 W BITTERSWEET PL,3,46,Open,Mobile Device,41.955930001,-87.6483,Snow – Uncleared Sidewalk Complaint,,2024,1,2024-01-14,2023-2024,3,Uptown
SR24-00078166,SWSNOREM,2024-01-12 19:18:20,1110 N MONTICELLO AVE,23,36,Open,Mobile Device,41.901327001,-87.718014,Snow – Uncleared Sidewalk Complaint,,2024,1,2024-01-12,2023-2024,23,Humboldt Park
SR24-00043845,SWSNOREM,2024-01-08 11:06:10,3705 W OHIO ST,23,27,Completed,Mobile Device,41.891535001,-87.71895,Snow – Uncleared Sidewalk Complaint,2024-01-08 16:49:54,2024,1,2024-01-08,2023-2024,23,Humboldt Park
SR24-00043864,SWSNOREM,2024-01-08 11:07:58,557 N MONTICELLO AVE,23,27,Completed,Mobile Device,41.891643001,-87.717078,Snow – Uncleared Sidewalk Complaint,2024-01-08 16:43:33,2024,1,2024-01-08,2023-2024,23,Humboldt Park
SR24-00043899,SWSNOREM,2024-01-08 11:10:38,3453 W OHIO ST,23,27,Completed,Mobile Device,41.891616001,-87.713415,Snow – Uncleared Sidewalk Complaint,2024-01-08 16:59:19,2024,1,2024-01-08,2023-2024,23,Humboldt Park
SR24-00043908,SWSNOREM,2024-01-08 11:11:34,3445 W OHIO ST,23,27,Completed,Mobile Device,41.891616001,-87.713082,Snow – Uncleared Sidewalk Complaint,2024-01-08 17:02:08,2024,1,2024-01-08,2023-2024,23,Humboldt Park
SR24-00078064,SWSNOREM,2024-01-12 18:47:55,3454 W OHIO ST,23,27,Open,Mobile Device,41.892048001,-87.7134825,Snow – Uncleared Sidewalk Complaint,,2024,1,2024-01-12,2023-2024,23,Humboldt Park
SR24-00078084,SWSNOREM,2024-01-12 18:54:57,545 N CENTRAL PARK AVE,23,27,Open,Mobile Device,41.891526001,-87.71589,Snow – Uncleared Sidewalk Complaint,,2024,1,2024-01-12,2023-2024,23,Humboldt Park
SR24-00078089,SWSNOREM,2024-01-12 18:56:25,600 N CENTRAL PARK AVE,23,27,Open,Mobile Device,41.891940001,-87.7165785,Snow – Uncleared Sidewalk Complaint,,2024,1,2024-01-12,2023-2024,23,Humboldt Park
SR24-00078092,SWSNOREM,2024-01-12 18:57:16,557 N MONTICELLO AVE,23,27,Open,Mobile Device,41.891643001,-87.717078,Snow – Uncleared Sidewalk Complaint,,2024,1,2024-01-12,2023-2024,23,Humboldt Park
SR24-00078109,SWSNOREM,2024-01-12 19:01:07,3657 W OHIO ST,23,27,Open,Mobile Device,41.891571001,-87.71841,Snow – Uncleared Sidewalk Complaint,,2024,1,2024-01-12,2023-2024,23,Humboldt Park
SR24-00078120,SWSNOREM,2024-01-12 19:02:36,3705 W OHIO ST,23,27,Open,Mobile Device,41.891535001,-87.71895,Snow – Uncleared Sidewalk Complaint,,2024,1,2024-01-12,2023-2024,23,Humboldt Park
SR24-00078123,SWSNOREM,2024-01-12 19:03:25,3705 W OHIO ST,23,27,Open,Mobile Device,41.891535001,-87.71895,Snow – Uncleared Sidewalk Complaint,,2024,1,2024-01-12,2023-2024,23,Humboldt Park
SR24-00078141,SWSNOREM,2024-01-12 19:08:10,1103 N MONTICELLO AVE,23,36,Open,Mobile Device,41.901129001,-87.717474,Snow – Uncleared Sidewalk Complaint,,2024,1,2024-01-12,2023-2024,23,Humboldt Park
SR24-00078155,SWSNOREM,2024-01-12 19:14:07,1101 N MONTICELLO AVE,23,36,Open,Mobile Device,41.901057001,-87.7174245,Snow – Uncleared Sidewalk Complaint,,2024,1,2024-01-12,2023-2024,23,Humboldt Park
SR24-00078205,SWSNOREM,2024-01-12 19:31:59,3639 W THOMAS ST,23,27,Open,Mobile Device,41.900851604,-87.717974642,Snow – Uncleared Sidewalk Complaint,,2024,1,2024-01-12,2023-2024,23,Humboldt Park
SR24-00078099,SWSNOREM,2024-01-12 18:59:18,554 N MONTICELLO AVE,23,27,Open,Mobile Device,41.891607001,-87.7177755,Snow – Uncleared Sidewalk Complaint,,2024,1,2024-01-12,2023-2024,23,Humboldt Park
SR24-00078072,SWSNOREM,2024-01-12 18:50:55,546 N ST LOUIS AVE,23,27,Open,Mobile Device,41.891616001,-87.7140135,Snow – Uncleared Sidewalk Complaint,,2024,1,2024-01-12,2023-2024,23,Humboldt Park
SR24-00078105,SWSNOREM,2024-01-12 18:59:59,3649 W OHIO ST,23,27,Open,Mobile Device,41.891589001,-87.7181175,Snow – Uncleared Sidewalk Complaint,,2024,1,2024-01-12,2023-2024,23,Humboldt Park
SR24-00080145,SWSNOREM,2024-01-13 10:43:17,5038 S WOODLAWN AVE,39,4,Open,Internet,41.803020001,-87.597729,Snow – Uncleared Sidewalk Complaint,,2024,1,2024-01-13,2023-2024,39,Kenwood
SR24-00089207,SWSNOREM,2024-01-15 13:01:22,6000 S NAGLE AVE,64,13,Open,Internet,41.783004001,-87.7829445,Snow – Uncleared Sidewalk Complaint,,2024,1,2024-01-15,2023-2024,64,Clearing
SR24-00088384,SWSNOREM,2024-01-15 10:35:47,6133 S OAK PARK AVE,64,13,Open,Internet,41.780187001,-87.7907115,Snow – Uncleared Sidewalk Complaint,,2024,1,2024-01-15,2023-2024,64,Clearing
SR24-00043373,SWSNOREM,2024-01-08 10:37:49,2343 W NELSON ST,5,32,Open,Mobile Device,41.936472001,-87.6872025,Snow – Uncleared Sidewalk Complaint,,2024,1,2024-01-08,2023-2024,5,North Center
SR24-00038187,SWSNOREM,2024-01-07 13:11:57,2904 N CLYBOURN AVE,5,32,Open,Phone Call,41.933655001,-87.680934,Snow – Uncleared Sidewalk Complaint,,2024,1,2024-01-07,2023-2024,5,North Center
SR24-00043217,SWSNOREM,2024-01-08 10:26:43,2345 W BARRY AVE,5,32,Completed,Mobile Device,41.937453001,-87.687333,Snow – Uncleared Sidewalk Complaint,2024-01-08 11:52:15,2024,1,2024-01-08,2023-2024,5,North Center
SR24-00043266,SWSNOREM,2024-01-08 10:29:57,2317 W BARRY AVE,5,32,Completed,Mobile Device,41.937462001,-87.686316,Snow – Uncleared Sidewalk Complaint,2024-01-08 11:43:34,2024,1,2024-01-08,2023-2024,5,North Center
SR24-00073749,SWSNOREM,2024-01-12 10:20:22,2000 W BYRON ST,5,47,Open,Phone Call,41.952414822,-87.678789228,Snow – Uncleared Sidewalk Complaint,,2024,1,2024-01-12,2023-2024,5,North Center
SR24-00043255,SWSNOREM,2024-01-08 10:29:22,2325 W BARRY AVE,5,32,Completed,Mobile Device,41.937480001,-87.686595,Snow – Uncleared Sidewalk Complaint,2024-01-08 11:50:33,2024,1,2024-01-08,2023-2024,5,North Center
SR24-00085742,SWSNOREM,2024-01-14 17:42:48,2944 N CLYBOURN AVE,5,32,Open,Phone Call,41.934402001,-87.681951,Snow – Uncleared Sidewalk Complaint,,2024,1,2024-01-14,2023-2024,5,North Center
SR24-00058317,SWSNOREM,2024-01-10 10:17:02,2317 W BARRY AVE,5,32,Open,Mobile Device,41.937462001,-87.686316,Snow – Uncleared Sidewalk Complaint,,2024,1,2024-01-10,2023-2024,5,North Center
SR24-00080130,SWSNOREM,2024-01-13 10:40:08,2343 W NELSON ST,5,32,Open,Mobile Device,41.936472001,-87.6872025,Snow – Uncleared Sidewalk Complaint,,2024,1,2024-01-13,2023-2024,5,North Center
SR24-00037357,SWSNOREM,2024-01-07 09:45:37,3029 N OAKLEY AVE,5,32,Open,Mobile Device,41.936703733,-87.685510686,Snow – Uncleared Sidewalk Complaint,,2024,1,2024-01-07,2023-2024,5,North Center
SR23-02067231,SWSNOREM,2023-11-29 13:24:57,5807 N WEST  CIRCLE AVE,10,41,Completed,Phone Call,41.986926001,-87.80526,Snow – Uncleared Sidewalk Complaint,2023-12-04 10:33:43,2023,11,2023-11-29,2023-2024,10,Norwood Park
SR24-00034814,SWSNOREM,2024-01-06 14:38:16,4856 N MONT CLARE AVE,10,41,Completed,Phone Call,41.969952001,-87.805125,Snow – Uncleared Sidewalk Complaint,2024-01-08 09:20:42,2024,1,2024-01-06,2023-2024,10,Norwood Park
SR24-00065238,SWSNOREM,2024-01-11 08:18:59,7557 W BRYN MAWR AVE,10,41,Open,Internet,41.981475924,-87.816693199,Snow – Uncleared Sidewalk Complaint,,2024,1,2024-01-11,2023-2024,10,Norwood Park
SR24-00083088,SWSNOREM,2024-01-14 03:27:16,5049 N RUTHERFORD AVE,10,41,Open,Mobile Device,41.973417001,-87.794928,Snow – Uncleared Sidewalk Complaint,,2024,1,2024-01-14,2023-2024,10,Norwood Park
SR24-00046963,SWSNOREM,2024-01-08 15:16:00,6435 W HIGGINS AVE,10,41,Open,Internet,41.97659005,-87.789027379,Snow – Uncleared Sidewalk Complaint,,2024,1,2024-01-08,2023-2024,10,Norwood Park
SR24-00082074,SWSNOREM,2024-01-13 17:32:54,1652 N MOZART ST,24,26,Open,Mobile Device,41.911821001,-87.698322,Snow – Uncleared Sidewalk Complaint,,2024,1,2024-01-13,2023-2024,24,West Town
SR24-00090330,SWSNOREM,2024-01-15 16:11:55,1322 N WASHTENAW AVE,24,26,Open,Mobile Device,41.905521001,-87.694704,Snow – Uncleared Sidewalk Complaint,,2024,1,2024-01-15,2023-2024,24,West Town
SR24-00081398,SWSNOREM,2024-01-13 14:29:42,468 N JEFFERSON ST,24,27,Open,Internet,41.891085001,-87.643341,Snow – Uncleared Sidewalk Complaint,,2024,1,2024-01-13,2023-2024,24,West Town
SR24-00081655,SWSNOREM,2024-01-13 15:30:40,1539 W HADDON AVE,24,1,Open,Mobile Device,41.902263001,-87.666795,Snow – Uncleared Sidewalk Complaint,,2024,1,2024-01-13,2023-2024,24,West Town
SR24-00081661,SWSNOREM,2024-01-13 15:31:53,1125 N ASHLAND AVE,24,1,Open,Mobile Device,41.902317001,-87.667146,Snow – Uncleared Sidewalk Complaint,,2024,1,2024-01-13,2023-2024,24,West Town
SR24-00055312,SWSNOREM,2024-01-09 18:57:40,1564 N HOYNE AVE,24,1,Completed,Mobile Device,41.910048001,-87.680214,Snow – Uncleared Sidewalk Complaint,2024-01-10 09:26:46,2024,1,2024-01-09,2023-2024,24,West Town
SR24-00064932,SWSNOREM,2024-01-11 07:32:28,1701 N MOZART ST,24,26,Open,Internet,41.912478001,-87.697674,Snow – Uncleared Sidewalk Complaint,,2024,1,2024-01-11,2023-2024,24,West Town
SR24-00074526,SWSNOREM,2024-01-12 11:28:51,1909 W OHIO ST,24,36,Open,Internet,41.892138001,-87.674931,Snow – Uncleared Sidewalk Complaint,,2024,1,2024-01-12,2023-2024,24,West Town
SR24-00074753,SWSNOREM,2024-01-12 11:50:36,853 N MOZART ST,24,36,Open,Internet,41.897232001,-87.6977595,Snow – Uncleared Sidewalk Complaint,,2024,1,2024-01-12,2023-2024,24,West Town
SR24-00077087,SWSNOREM,2024-01-12 15:33:18,652 N NOBLE ST,24,27,Open,Internet,41.894075449,-87.662410796,Snow – Uncleared Sidewalk Complaint,,2024,1,2024-01-12,2023-2024,24,West Town
SR24-00077643,SWSNOREM,2024-01-12 16:57:44,524 N NOBLE ST,24,1,Open,Mobile Device,41.891832001,-87.6627405,Snow – Uncleared Sidewalk Complaint,,2024,1,2024-01-12,2023-2024,24,West Town
SR24-00078018,SWSNOREM,2024-01-12 18:34:22,1623 W DIVISION ST,24,1,Open,Mobile Device,41.902983001,-87.66837,Snow – Uncleared Sidewalk Complaint,,2024,1,2024-01-12,2023-2024,24,West Town
SR24-00078058,SWSNOREM,2024-01-12 18:46:06,834 N DAMEN AVE,24,36,Open,Mobile Device,41.896953001,-87.677334,Snow – Uncleared Sidewalk Complaint,,2024,1,2024-01-12,2023-2024,24,West Town
SR24-00079722,SWSNOREM,2024-01-13 09:28:36,652 N NOBLE ST,24,27,Open,Internet,41.894075449,-87.662410796,Snow – Uncleared Sidewalk Complaint,,2024,1,2024-01-13,2023-2024,24,West Town
SR24-00080030,SWSNOREM,2024-01-13 10:19:42,1529 W HADDON AVE,24,1,Open,Mobile Device,41.902263001,-87.6664395,Snow – Uncleared Sidewalk Complaint,,2024,1,2024-01-13,2023-2024,24,West Town
SR24-00080701,SWSNOREM,2024-01-13 12:09:43,524 N NOBLE ST,24,1,Open,Mobile Device,41.891832001,-87.6627405,Snow – Uncleared Sidewalk Complaint,,2024,1,2024-01-13,2023-2024,24,West Town
SR24-00081176,SWSNOREM,2024-01-13 13:40:57,2710 W POTOMAC AVE,24,26,Open,Internet,41.904954001,-87.695001,Snow – Uncleared Sidewalk Complaint,,2024,1,2024-01-13,2023-2024,24,West Town
SR24-00081686,SWSNOREM,2024-01-13 15:37:55,1055 N ASHLAND AVE,24,1,Open,Mobile Device,41.901345001,-87.667173,Snow – Uncleared Sidewalk Complaint,,2024,1,2024-01-13,2023-2024,24,West Town
SR24-00081885,SWSNOREM,2024-01-13 16:32:26,2611 W WABANSIA AVE,24,26,Open,Internet,41.911956001,-87.6926925,Snow – Uncleared Sidewalk Complaint,,2024,1,2024-01-13,2023-2024,24,West Town
SR24-00081906,SWSNOREM,2024-01-13 16:37:31,2609 W WABANSIA AVE,24,26,Open,Internet,41.911956001,-87.6925665,Snow – Uncleared Sidewalk Complaint,,2024,1,2024-01-13,2023-2024,24,West Town
SR24-00081921,SWSNOREM,2024-01-13 16:42:59,1656 N ROCKWELL ST,24,26,Open,Internet,41.911974001,-87.6923955,Snow – Uncleared Sidewalk Complaint,,2024,1,2024-01-13,2023-2024,24,West Town
SR24-00082071,SWSNOREM,2024-01-13 17:32:20,1622 N MOZART ST,24,26,Open,Mobile Device,41.910957001,-87.69834,Snow – Uncleared Sidewalk Complaint,,2024,1,2024-01-13,2023-2024,24,West Town
SR24-00082075,SWSNOREM,2024-01-13 17:33:25,1664 N MOZART ST,24,26,Open,Mobile Device,41.912172001,-87.69834,Snow – Uncleared Sidewalk Complaint,,2024,1,2024-01-13,2023-2024,24,West Town
SR24-00084001,SWSNOREM,2024-01-14 10:34:27,524 N NOBLE ST,24,1,Open,Mobile Device,41.891832001,-87.6627405,Snow – Uncleared Sidewalk Complaint,,2024,1,2024-01-14,2023-2024,24,West Town
SR24-00084801,SWSNOREM,2024-01-14 13:33:16,1230 N HOYNE AVE,24,1,Open,Mobile Device,41.904207001,-87.680016,Snow – Uncleared Sidewalk Complaint,,2024,1,2024-01-14,2023-2024,24,West Town
SR24-00090309,SWSNOREM,2024-01-15 16:06:45,2718 W EVERGREEN AVE,24,26,Open,Mobile Device,41.905872001,-87.69537,Snow – Uncleared Sidewalk Complaint,,2024,1,2024-01-15,2023-2024,24,West Town
SR24-00077115,SWSNOREM,2024-01-12 15:36:15,652 N NOBLE ST,24,27,Open,Internet,41.894075449,-87.662410796,Snow – Uncleared Sidewalk Complaint,,2024,1,2024-01-12,2023-2024,24,West Town
SR24-00082066,SWSNOREM,2024-01-13 17:31:52,1620 N MOZART ST,24,26,Open,Mobile Device,41.910957001,-87.69834,Snow – Uncleared Sidewalk Complaint,,2024,1,2024-01-13,2023-2024,24,West Town
SR24-00082862,SWSNOREM,2024-01-13 23:38:38,1365 W CRYSTAL ST,24,1,Open,Internet,41.904243001,-87.6618405,Snow – Uncleared Sidewalk Complaint,,2024,1,2024-01-13,2023-2024,24,West Town
SR24-00079420,SWSNOREM,2024-01-13 08:38:18,2143 W POTOMAC AVE,24,1,Open,Mobile Device,41.904756001,-87.6814605,Snow – Uncleared Sidewalk Complaint,,2024,1,2024-01-13,2023-2024,24,West Town
SR24-00079425,SWSNOREM,2024-01-13 08:38:57,2141 W POTOMAC AVE,24,1,Open,Mobile Device,41.904747001,-87.681366,Snow – Uncleared Sidewalk Complaint,,2024,1,2024-01-13,2023-2024,24,West Town
SR24-00079740,SWSNOREM,2024-01-13 09:31:35,652 N NOBLE ST,24,27,Open,Internet,41.894075449,-87.662410796,Snow – Uncleared Sidewalk Complaint,,2024,1,2024-01-13,2023-2024,24,West Town
SR24-00079748,SWSNOREM,2024-01-13 09:32:57,916 N WINCHESTER AVE,24,36,Open,Internet,41.898294001,-87.676146,Snow – Uncleared Sidewalk Complaint,,2024,1,2024-01-13,2023-2024,24,West Town
SR24-00089488,SWSNOREM,2024-01-15 13:43:26,19 E CEDAR ST,8,42,Open,Phone Call,41.902191001,-87.6275145,Snow – Uncleared Sidewalk Complaint,,2024,1,2024-01-15,2023-2024,8,Near North Side
SR24-00089493,SWSNOREM,2024-01-15 13:43:44,21 E CEDAR ST,8,42,Open,Phone Call,41.902191001,-87.6273975,Snow – Uncleared Sidewalk Complaint,,2024,1,2024-01-15,2023-2024,8,Near North Side
SR24-00089495,SWSNOREM,2024-01-15 13:43:56,25 E CEDAR ST,8,42,Open,Phone Call,41.902182001,-87.6272715,Snow – Uncleared Sidewalk Complaint,,2024,1,2024-01-15,2023-2024,8,Near North Side
SR24-00073921,SWSNOREM,2024-01-12 10:35:31,800 N ORLEANS ST,8,27,Open,Phone Call,41.896612491,-87.63723507,Snow – Uncleared Sidewalk Complaint,,2024,1,2024-01-12,2023-2024,8,Near North Side
SR24-00074082,SWSNOREM,2024-01-12 10:49:01,800 N ORLEANS ST,8,27,Open,Internet,41.896612491,-87.63723507,Snow – Uncleared Sidewalk Complaint,,2024,1,2024-01-12,2023-2024,8,Near North Side
SR24-00074644,SWSNOREM,2024-01-12 11:40:15,1258 N STATE PKWY,8,2,Open,Mobile Device,41.905654689,-87.628799098,Snow – Uncleared Sidewalk Complaint,,2024,1,2024-01-12,2023-2024,8,Near North Side
SR24-00079756,SWSNOREM,2024-01-13 09:34:04,1343 N CLEVELAND AVE,8,27,Open,Phone Call,41.906997001,-87.6406005,Snow – Uncleared Sidewalk Complaint,,2024,1,2024-01-13,2023-2024,8,Near North Side
SR24-00081038,SWSNOREM,2024-01-13 13:18:05,1130 N DEARBORN ST,8,2,Open,Internet,41.902929001,-87.6304125,Snow – Uncleared Sidewalk Complaint,,2024,1,2024-01-13,2023-2024,8,Near North Side
SR24-00081046,SWSNOREM,2024-01-13 13:19:07,69 W ELM ST,8,2,Open,Internet,41.903072221,-87.631120563,Snow – Uncleared Sidewalk Complaint,,2024,1,2024-01-13,2023-2024,8,Near North Side
SR24-00082602,SWSNOREM,2024-01-13 21:17:28,300 W HURON ST,8,42,Open,Internet,41.895018001,-87.635889,Snow – Uncleared Sidewalk Complaint,,2024,1,2024-01-13,2023-2024,8,Near North Side
SR24-00083899,SWSNOREM,2024-01-14 10:13:08,750 N CLARK ST,8,42,Open,Internet,41.896386001,-87.631569,Snow – Uncleared Sidewalk Complaint,,2024,1,2024-01-14,2023-2024,8,Near North Side
SR24-00086592,SWSNOREM,2024-01-14 22:41:17,440 N LASALLE DR,8,42,Open,Internet,41.89040935,-87.632616294,Snow – Uncleared Sidewalk Complaint,,2024,1,2024-01-14,2023-2024,8,Near North Side
SR24-00086608,SWSNOREM,2024-01-14 22:48:53,431 N WELLS ST,8,42,Open,Internet,41.890131001,-87.6336885,Snow – Uncleared Sidewalk Complaint,,2024,1,2024-01-14,2023-2024,8,Near North Side
SR24-00086523,SWSNOREM,2024-01-14 22:17:20,25 E CEDAR ST,8,42,Open,Internet,41.902182001,-87.6272715,Snow – Uncleared Sidewalk Complaint,,2024,1,2024-01-14,2023-2024,8,Near North Side
SR24-00086652,SWSNOREM,2024-01-14 23:09:19,111 W KINZIE ST,8,42,Open,Internet,41.889136036,-87.631579723,Snow – Uncleared Sidewalk Complaint,,2024,1,2024-01-14,2023-2024,8,Near North Side
SR24-00090907,SWSNOREM,2024-01-15 20:02:57,739 N WABASH AVE,8,2,Open,Internet,41.896098001,-87.6266685,Snow – Uncleared Sidewalk Complaint,,2024,1,2024-01-15,2023-2024,8,Near North Side
SR24-00090902,SWSNOREM,2024-01-15 20:00:50,1005 N LASALLE DR,8,2,Open,Internet,41.900723299,-87.63278771,Snow – Uncleared Sidewalk Complaint,,2024,1,2024-01-15,2023-2024,8,Near North Side
SR24-00090897,SWSNOREM,2024-01-15 19:59:06,1021 N LASALLE DR,8,2,Open,Internet,41.901208107,-87.632794506,Snow – Uncleared Sidewalk Complaint,,2024,1,2024-01-15,2023-2024,8,Near North Side
SR24-00090912,SWSNOREM,2024-01-15 20:04:43,40 E SUPERIOR ST,8,2,Open,Internet,41.895927001,-87.626655,Snow – Uncleared Sidewalk Complaint,,2024,1,2024-01-15,2023-2024,8,Near North Side
SR24-00083293,SWSNOREM,2024-01-14 07:16:54,1343 N CLEVELAND AVE,8,27,Open,Phone Call,41.906997001,-87.6406005,Snow – Uncleared Sidewalk Complaint,,2024,1,2024-01-14,2023-2024,8,Near North Side
SR24-00086544,SWSNOREM,2024-01-14 22:26:28,152 W ILLINOIS ST,8,42,Open,Internet,41.891112001,-87.633036,Snow – Uncleared Sidewalk Complaint,,2024,1,2024-01-14,2023-2024,8,Near North Side
SR24-00080095,SWSNOREM,2024-01-13 10:32:23,60 E BELLEVUE PL,8,42,Completed,Internet,41.901822001,-87.6260565,Snow – Uncleared Sidewalk Complaint,2024-01-13 14:18:43,2024,1,2024-01-13,2023-2024,8,Near North Side
SR23-02072638,SWSNOREM,2023-11-30 10:14:24,5401 N MCVICKER AVE,11,45,Completed,Internet,41.979654001,-87.77898,Snow – Uncleared Sidewalk Complaint,2023-12-01 11:12:40,2023,11,2023-11-30,2023-2024,11,Jefferson Park
SR24-00058234,SWSNOREM,2024-01-10 10:09:10,4849 N LIPPS AVE,11,45,Completed,Mobile Device,41.969133001,-87.760152,Snow – Uncleared Sidewalk Complaint,2024-01-11 09:29:45,2024,1,2024-01-10,2023-2024,11,Jefferson Park
SR24-00078079,SWSNOREM,2024-01-12 18:53:46,5500 N MAJOR AVE,11,45,Open,Internet,41.981247001,-87.771096,Snow – Uncleared Sidewalk Complaint,,2024,1,2024-01-12,2023-2024,11,Jefferson Park
SR24-00081122,SWSNOREM,2024-01-13 13:32:36,5118 W WINNEMAC AVE,11,45,Open,Internet,41.972706001,-87.7559895,Snow – Uncleared Sidewalk Complaint,,2024,1,2024-01-13,2023-2024,11,Jefferson Park
SR24-00081535,SWSNOREM,2024-01-13 14:59:06,5654 W GUNNISON ST,11,45,Open,Internet,41.968872001,-87.7697145,Snow – Uncleared Sidewalk Complaint,,2024,1,2024-01-13,2023-2024,11,Jefferson Park
SR24-00090578,SWSNOREM,2024-01-15 17:30:36,5001 W ARGYLE ST,11,45,Open,Internet,41.971419001,-87.752871,Snow – Uncleared Sidewalk Complaint,,2024,1,2024-01-15,2023-2024,11,Jefferson Park
SR24-00084705,SWSNOREM,2024-01-14 13:08:45,5936 W WALTON ST,25,29,Open,Phone Call,41.897691001,-87.773949,Snow – Uncleared Sidewalk Complaint,,2024,1,2024-01-14,2023-2024,25,Austin
SR24-00080571,SWSNOREM,2024-01-13 11:50:49,152 N MAYFIELD AVE,25,29,Open,Phone Call,41.883732001,-87.772338,Snow – Uncleared Sidewalk Complaint,,2024,1,2024-01-13,2023-2024,25,Austin
SR24-00080986,SWSNOREM,2024-01-13 13:09:30,1518 N CENTRAL AVE,25,29,Open,Phone Call,41.908221001,-87.766182,Snow – Uncleared Sidewalk Complaint,,2024,1,2024-01-13,2023-2024,25,Austin
SR24-00084699,SWSNOREM,2024-01-14 13:07:39,5937 W WALTON ST,25,29,Open,Phone Call,41.897268001,-87.773832,Snow – Uncleared Sidewalk Complaint,,2024,1,2024-01-14,2023-2024,25,Austin
SR24-00084702,SWSNOREM,2024-01-14 13:08:23,5934 W WALTON ST,25,29,Open,Phone Call,41.897682001,-87.77385,Snow – Uncleared Sidewalk Complaint,,2024,1,2024-01-14,2023-2024,25,Austin
SR24-00087385,SWSNOREM,2024-01-15 08:07:42,2059 N NORDICA AVE,25,29,Open,Mobile Device,41.918012341,-87.802347134,Snow – Uncleared Sidewalk Complaint,,2024,1,2024-01-15,2023-2024,25,Austin
SR24-00081269,SWSNOREM,2024-01-13 14:02:04,2901 N KILPATRICK AVE,19,31,Open,Mobile Device,41.933529001,-87.7439475,Snow – Uncleared Sidewalk Complaint,,2024,1,2024-01-13,2023-2024,19,Belmont Cragin
SR24-00081972,SWSNOREM,2024-01-13 16:57:26,2222 N NATCHEZ AVE,19,29,Open,Internet,41.920686001,-87.78807,Snow – Uncleared Sidewalk Complaint,,2024,1,2024-01-13,2023-2024,19,Belmont Cragin
SR24-00085865,SWSNOREM,2024-01-14 18:15:22,3134 N AUSTIN AVE,19,30,Open,Mobile Device,41.937669001,-87.7764195,Snow – Uncleared Sidewalk Complaint,,2024,1,2024-01-14,2023-2024,19,Belmont Cragin
SR24-00081354,SWSNOREM,2024-01-13 14:21:02,3546 W ADDISON ST,16,35,Open,Mobile Device,41.946732001,-87.7170105,Snow – Uncleared Sidewalk Complaint,,2024,1,2024-01-13,2023-2024,16,Irving Park
SR24-00077717,SWSNOREM,2024-01-12 17:17:43,3700 W ADDISON ST,16,30,Open,Mobile Device,41.946687001,-87.720561,Snow – Uncleared Sidewalk Complaint,,2024,1,2024-01-12,2023-2024,16,Irving Park
SR24-00078081,SWSNOREM,2024-01-12 18:54:18,4156 W BELLE PLAINE AVE,16,39,Open,Mobile Device,41.955624001,-87.7312755,Snow – Uncleared Sidewalk Complaint,,2024,1,2024-01-12,2023-2024,16,Irving Park
SR24-00080167,SWSNOREM,2024-01-13 10:47:51,3923 N KEDZIE AVE,16,33,Open,Phone Call,41.952861001,-87.7076415,Snow – Uncleared Sidewalk Complaint,,2024,1,2024-01-13,2023-2024,16,Irving Park
SR24-00080783,SWSNOREM,2024-01-13 12:22:00,3426 N MILWAUKEE AVE,16,30,Open,Mobile Device,41.943285001,-87.7311945,Snow – Uncleared Sidewalk Complaint,,2024,1,2024-01-13,2023-2024,16,Irving Park
SR24-00081073,SWSNOREM,2024-01-13 13:23:53,3600 N KEDZIE AVE,16,33,Open,Mobile Device,41.946696067,-87.707886427,Snow – Uncleared Sidewalk Complaint,,2024,1,2024-01-13,2023-2024,16,Irving Park
SR24-00081339,SWSNOREM,2024-01-13 14:17:50,4116 W ADDISON ST,16,30,Open,Mobile Device,41.946525001,-87.72993,Snow – Uncleared Sidewalk Complaint,,2024,1,2024-01-13,2023-2024,16,Irving Park
SR24-00082935,SWSNOREM,2024-01-14 00:49:28,4028 N CENTRAL PARK AVE,16,45,Open,Internet,41.954760001,-87.7180995,Snow – Uncleared Sidewalk Complaint,,2024,1,2024-01-14,2023-2024,16,Irving Park
SR24-00079760,SWSNOREM,2024-01-13 09:34:35,3954 W ADDISON ST,16,30,Open,Mobile Device,41.946462104,-87.727175722,Snow – Uncleared Sidewalk Complaint,,2024,1,2024-01-13,2023-2024,16,Irving Park
SR24-00033667,SWSNOREM,2024-01-06 09:47:03,4015 W ARTHINGTON ST,26,24,Completed,Phone Call,41.869818001,-87.7260465,Snow – Uncleared Sidewalk Complaint,2024-01-08 09:57:27,2024,1,2024-01-06,2023-2024,26,West Garfield Park
SR24-00034163,SWSNOREM,2024-01-06 11:57:34,8738 S ESCANABA AVE,46,10,Completed,Phone Call,41.736150001,-87.554466,Snow – Uncleared Sidewalk Complaint,2024-01-10 13:59:24,2024,1,2024-01-06,2023-2024,46,South Chicago
SR24-00087497,SWSNOREM,2024-01-15 08:23:50,8722 S KINGSTON AVE,46,7,Open,Mobile Device,41.736519001,-87.562719,Snow – Uncleared Sidewalk Complaint,,2024,1,2024-01-15,2023-2024,46,South Chicago
SR24-00034580,SWSNOREM,2024-01-06 13:39:20,3344 S PARNELL AVE,60,11,Completed,Phone Call,41.833116001,-87.640344,Snow – Uncleared Sidewalk Complaint,2024-01-08 13:03:43,2024,1,2024-01-06,2023-2024,60,Bridgeport
SR24-00034995,SWSNOREM,2024-01-06 15:27:05,3344 S PARNELL AVE,60,11,Completed,Mobile Device,41.833116001,-87.640344,Snow – Uncleared Sidewalk Complaint,2024-01-08 13:02:46,2024,1,2024-01-06,2023-2024,60,Bridgeport
SR24-00080098,SWSNOREM,2024-01-13 10:33:16,2995 S LYMAN ST,60,11,Completed,Phone Call,41.839713001,-87.6554685,Snow – Uncleared Sidewalk Complaint,2024-01-13 13:18:49,2024,1,2024-01-13,2023-2024,60,Bridgeport
SR24-00085723,SWSNOREM,2024-01-14 17:38:10,3440 S PARNELL AVE,60,11,Open,Internet,41.831442001,-87.640389,Snow – Uncleared Sidewalk Complaint,,2024,1,2024-01-14,2023-2024,60,Bridgeport
SR24-00085729,SWSNOREM,2024-01-14 17:39:46,3446 S PARNELL AVE,60,11,Open,Internet,41.83133187,-87.640090796,Snow – Uncleared Sidewalk Complaint,,2024,1,2024-01-14,2023-2024,60,Bridgeport
SR24-00085734,SWSNOREM,2024-01-14 17:40:44,3452 S PARNELL AVE,60,11,Open,Internet,41.831175847,-87.640089206,Snow – Uncleared Sidewalk Complaint,,2024,1,2024-01-14,2023-2024,60,Bridgeport
SR24-00085736,SWSNOREM,2024-01-14 17:41:27,3458 S PARNELL AVE,60,11,Open,Internet,41.831172001,-87.6402585,Snow – Uncleared Sidewalk Complaint,,2024,1,2024-01-14,2023-2024,60,Bridgeport
SR24-00085741,SWSNOREM,2024-01-14 17:42:45,3445 S PARNELL AVE,60,11,Open,Internet,41.831383483,-87.639976204,Snow – Uncleared Sidewalk Complaint,,2024,1,2024-01-14,2023-2024,60,Bridgeport
SR24-00085746,SWSNOREM,2024-01-14 17:43:48,3453 S PARNELL AVE,60,11,Open,Internet,41.831178234,-87.639974629,Snow – Uncleared Sidewalk Complaint,,2024,1,2024-01-14,2023-2024,60,Bridgeport
SR24-00085754,SWSNOREM,2024-01-14 17:45:28,3459 S PARNELL AVE,60,11,Open,Internet,41.831025812,-87.639970843,Snow – Uncleared Sidewalk Complaint,,2024,1,2024-01-14,2023-2024,60,Bridgeport
SR24-00075090,SWSNOREM,2024-01-12 12:20:45,3440 S LOWE AVE,60,11,Completed,Phone Call,41.831397001,-87.64272,Snow – Uncleared Sidewalk Complaint,2024-01-12 14:48:41,2024,1,2024-01-12,2023-2024,60,Bridgeport
SR24-00044528,SWSNOREM,2024-01-08 12:03:44,9700 S OAKLEY AVE,72,19,Completed,Alderman's Office,41.717178001,-87.679863,Snow – Uncleared Sidewalk Complaint,2024-01-09 14:03:07,2024,1,2024-01-08,2023-2024,72,Beverly
SR24-00073064,SWSNOREM,2024-01-12 09:18:49,9245 S BELL AVE,72,19,Completed,Phone Call,41.725171912,-87.678497373,Snow – Uncleared Sidewalk Complaint,2024-01-12 13:32:28,2024,1,2024-01-12,2023-2024,72,Beverly
SR24-00053980,SWSNOREM,2024-01-09 14:35:56,6400 S RICHMOND ST,66,15,Completed,Internet,41.777127001,-87.6972465,Snow – Uncleared Sidewalk Complaint,2024-01-11 09:22:11,2024,1,2024-01-09,2023-2024,66,Chicago Lawn
SR24-00074513,SWSNOREM,2024-01-12 11:28:06,6402 S RICHMOND ST,66,15,Open,Internet,41.777055001,-87.6972465,Snow – Uncleared Sidewalk Complaint,,2024,1,2024-01-12,2023-2024,66,Chicago Lawn
SR24-00083777,SWSNOREM,2024-01-14 09:43:55,3438 W 72ND ST,66,17,Open,Phone Call,41.762551814,-87.709235049,Snow – Uncleared Sidewalk Complaint,,2024,1,2024-01-14,2023-2024,66,Chicago Lawn
SR24-00056027,SWSNOREM,2024-01-09 22:46:29,3845 N ORIOLE AVE,17,38,Completed,Mobile Device,41.950053001,-87.816654,Snow – Uncleared Sidewalk Complaint,2024-01-11 15:45:19,2024,1,2024-01-09,2023-2024,17,Dunning
SR24-00077295,SWSNOREM,2024-01-12 16:02:55,3559 N OCTAVIA AVE,17,38,Open,Phone Call,41.945085001,-87.8091525,Snow – Uncleared Sidewalk Complaint,,2024,1,2024-01-12,2023-2024,17,Dunning
SR24-00081023,SWSNOREM,2024-01-13 13:15:54,3458 N NORDICA AVE,17,38,Open,Mobile Device,41.943384001,-87.803532,Snow – Uncleared Sidewalk Complaint,,2024,1,2024-01-13,2023-2024,17,Dunning
SR24-00057259,SWSNOREM,2024-01-10 08:42:10,4300 W 84TH ST,70,18,Completed,Phone Call,41.740303787,-87.728976286,Snow – Uncleared Sidewalk Complaint,2024-01-12 12:42:33,2024,1,2024-01-10,2023-2024,70,Ashburn
SR24-00066760,SWSNOREM,2024-01-11 10:40:00,3821 W 83RD PL,70,18,Completed,Alderman's Office,41.741118001,-87.7177575,Snow – Uncleared Sidewalk Complaint,2024-01-12 12:27:24,2024,1,2024-01-11,2023-2024,70,Ashburn
SR24-00082616,SWSNOREM,2024-01-13 21:25:57,8655 S TRIPP AVE,70,18,Open,Phone Call,41.734998001,-87.7272885,Snow – Uncleared Sidewalk Complaint,,2024,1,2024-01-13,2023-2024,70,Ashburn
SR24-00057672,SWSNOREM,2024-01-10 09:21:26,2112 S SPAULDING AVE,30,24,Open,Phone Call,41.853105001,-87.7080825,Snow – Uncleared Sidewalk Complaint,,2024,1,2024-01-10,2023-2024,30,South Lawndale
SR24-00070077,SWSNOREM,2024-01-11 16:38:41,2628 W 25TH ST,30,25,Completed,Mobile Device,41.846760001,-87.6915945,Snow – Uncleared Sidewalk Complaint,2024-01-12 21:39:47,2024,1,2024-01-11,2023-2024,30,South Lawndale
SR24-00073522,SWSNOREM,2024-01-12 09:59:28,2451 S TRUMBULL AVE,30,22,Completed,Phone Call,41.846598001,-87.710904,Snow – Uncleared Sidewalk Complaint,2024-01-12 12:54:44,2024,1,2024-01-12,2023-2024,30,South Lawndale
SR24-00075406,SWSNOREM,2024-01-12 12:54:49,2112 S SPAULDING AVE,30,24,Open,Phone Call,41.853105001,-87.7080825,Snow – Uncleared Sidewalk Complaint,,2024,1,2024-01-12,2023-2024,30,South Lawndale
SR24-00085097,SWSNOREM,2024-01-14 14:41:56,4257 W 26TH ST,30,22,Open,Phone Call,41.843862001,-87.731406,Snow – Uncleared Sidewalk Complaint,,2024,1,2024-01-14,2023-2024,30,South Lawndale
SR24-00060930,SWSNOREM,2024-01-10 12:56:50,5601 S ST LOUIS AVE,63,14,Open,Mobile Device,41.791473001,-87.710598,Snow – Uncleared Sidewalk Complaint,,2024,1,2024-01-10,2023-2024,63,Gage Park
SR24-00084298,SWSNOREM,2024-01-14 11:39:39,5730 S ARTESIAN AVE,63,15,Open,Mobile Device,41.789250001,-87.685407,Snow – Uncleared Sidewalk Complaint,,2024,1,2024-01-14,2023-2024,63,Gage Park
SR24-00064941,SWSNOREM,2024-01-11 07:33:42,1800 N MOZART ST,22,26,Open,Internet,41.914044001,-87.6983985,Snow – Uncleared Sidewalk Complaint,,2024,1,2024-01-11,2023-2024,22,Logan Square
SR24-00064959,SWSNOREM,2024-01-11 07:36:12,1802 N MOZART ST,22,26,Open,Internet,41.914107001,-87.698394,Snow – Uncleared Sidewalk Complaint,,2024,1,2024-01-11,2023-2024,22,Logan Square
SR24-00075400,SWSNOREM,2024-01-12 12:53:58,1834 N SPAULDING AVE,22,26,Open,Phone Call,41.914755001,-87.710508,Snow – Uncleared Sidewalk Complaint,,2024,1,2024-01-12,2023-2024,22,Logan Square
SR24-00076694,SWSNOREM,2024-01-12 14:46:44,2500 N DAMEN AVE,22,32,Open,Phone Call,41.927253315,-87.678167714,Snow – Uncleared Sidewalk Complaint,,2024,1,2024-01-12,2023-2024,22,Logan Square
SR24-00077121,SWSNOREM,2024-01-12 15:36:35,2245 N KEDZIE AVE,22,35,Open,Internet,41.922468001,-87.706584,Snow – Uncleared Sidewalk Complaint,,2024,1,2024-01-12,2023-2024,22,Logan Square
SR24-00077166,SWSNOREM,2024-01-12 15:41:54,1940 N HUMBOLDT BLVD,22,26,Open,Internet,41.916834001,-87.702696,Snow – Uncleared Sidewalk Complaint,,2024,1,2024-01-12,2023-2024,22,Logan Square
SR24-00077757,SWSNOREM,2024-01-12 17:26:07,3322 W FULLERTON AVE,22,35,Open,Mobile Device,41.924970001,-87.7117725,Snow – Uncleared Sidewalk Complaint,,2024,1,2024-01-12,2023-2024,22,Logan Square
SR24-00079823,SWSNOREM,2024-01-13 09:44:34,2255 N KEDZIE BLVD,22,35,Open,Internet,41.922713494,-87.707103458,Snow – Uncleared Sidewalk Complaint,,2024,1,2024-01-13,2023-2024,22,Logan Square
SR24-00081562,SWSNOREM,2024-01-13 15:05:40,2839 W DICKENS AVE,22,1,Open,Mobile Device,41.919390001,-87.698835,Snow – Uncleared Sidewalk Complaint,,2024,1,2024-01-13,2023-2024,22,Logan Square
SR24-00081986,SWSNOREM,2024-01-13 17:00:56,2700 N RICHMOND ST,22,1,Open,Internet,41.930370001,-87.701535,Snow – Uncleared Sidewalk Complaint,,2024,1,2024-01-13,2023-2024,22,Logan Square
SR24-00082078,SWSNOREM,2024-01-13 17:34:30,1857 N MOZART ST,22,26,Open,Mobile Device,41.915556001,-87.697944,Snow – Uncleared Sidewalk Complaint,,2024,1,2024-01-13,2023-2024,22,Logan Square
SR24-00082163,SWSNOREM,2024-01-13 17:58:29,2441 N AVERS AVE,22,35,Open,Internet,41.925798001,-87.722865,Snow – Uncleared Sidewalk Complaint,,2024,1,2024-01-13,2023-2024,22,Logan Square
SR24-00082381,SWSNOREM,2024-01-13 19:37:19,1927 N DRAKE AVE,22,26,Open,Phone Call,41.916330001,-87.7146525,Snow – Uncleared Sidewalk Complaint,,2024,1,2024-01-13,2023-2024,22,Logan Square
SR24-00082603,SWSNOREM,2024-01-13 21:17:45,1917 W FULLERTON AVE,22,32,Open,Phone Call,41.924898001,-87.6764835,Snow – Uncleared Sidewalk Complaint,,2024,1,2024-01-13,2023-2024,22,Logan Square
SR24-00085031,SWSNOREM,2024-01-14 14:24:40,2255 N KEDZIE BLVD,22,35,Open,Internet,41.922713494,-87.707103458,Snow – Uncleared Sidewalk Complaint,,2024,1,2024-01-14,2023-2024,22,Logan Square
SR24-00086801,SWSNOREM,2024-01-15 01:16:53,3531 W PALMER ST,22,35,Open,Mobile Device,41.920794001,-87.7149045,Snow – Uncleared Sidewalk Complaint,,2024,1,2024-01-15,2023-2024,22,Logan Square
SR24-00088305,SWSNOREM,2024-01-15 10:21:15,2255 N KEDZIE BLVD,22,35,Open,Internet,41.922713494,-87.707103458,Snow – Uncleared Sidewalk Complaint,,2024,1,2024-01-15,2023-2024,22,Logan Square
SR24-00073284,SWSNOREM,2024-01-12 09:39:23,2027 W ARMITAGE AVE,22,32,Open,Mobile Device,41.917554001,-87.678702,Snow – Uncleared Sidewalk Complaint,,2024,1,2024-01-12,2023-2024,22,Logan Square
SR24-00086566,SWSNOREM,2024-01-14 22:34:09,2044 N OAKLEY AVE,22,32,Open,Internet,41.918971481,-87.685062682,Snow – Uncleared Sidewalk Complaint,,2024,1,2024-01-14,2023-2024,22,Logan Square
SR24-00081329,SWSNOREM,2024-01-13 14:16:08,2027 W ARMITAGE AVE,22,32,Open,Mobile Device,41.917554001,-87.678702,Snow – Uncleared Sidewalk Complaint,,2024,1,2024-01-13,2023-2024,22,Logan Square
SR24-00079969,SWSNOREM,2024-01-13 10:09:31,2249 N KEDZIE AVE,22,35,Open,Internet,41.922603001,-87.706584,Snow – Uncleared Sidewalk Complaint,,2024,1,2024-01-13,2023-2024,22,Logan Square
SR24-00073945,SWSNOREM,2024-01-12 10:38:54,1785 W LAWRENCE AVE,4,47,Open,Phone Call,41.968822479,-87.674753073,Snow – Uncleared Sidewalk Complaint,,2024,1,2024-01-12,2023-2024,4,Lincoln Square
SR24-00075892,SWSNOREM,2024-01-12 13:36:38,4418 N ROCKWELL ST,4,47,Open,Mobile Device,41.961933001,-87.6938895,Snow – Uncleared Sidewalk Complaint,,2024,1,2024-01-12,2023-2024,4,Lincoln Square
SR24-00075924,SWSNOREM,2024-01-12 13:39:08,2601 W SUNNYSIDE AVE,4,47,Open,Mobile Device,41.962896001,-87.6938535,Snow – Uncleared Sidewalk Complaint,,2024,1,2024-01-12,2023-2024,4,Lincoln Square
SR24-00075992,SWSNOREM,2024-01-12 13:45:09,2555 W EASTWOOD AVE,4,47,Open,Mobile Device,41.965632651,-87.693481468,Snow – Uncleared Sidewalk Complaint,,2024,1,2024-01-12,2023-2024,4,Lincoln Square
SR24-00076010,SWSNOREM,2024-01-12 13:47:01,2525 W EASTWOOD AVE,4,47,Open,Mobile Device,41.965488001,-87.692319,Snow – Uncleared Sidewalk Complaint,,2024,1,2024-01-12,2023-2024,4,Lincoln Square
SR24-00076069,SWSNOREM,2024-01-12 13:52:34,4623 N WESTERN AVE,4,47,Open,Mobile Device,41.965623001,-87.6884985,Snow – Uncleared Sidewalk Complaint,,2024,1,2024-01-12,2023-2024,4,Lincoln Square
SR24-00077253,SWSNOREM,2024-01-12 15:56:17,4525 N ROCKWELL ST,4,47,Open,Mobile Device,41.963895001,-87.6933405,Snow – Uncleared Sidewalk Complaint,,2024,1,2024-01-12,2023-2024,4,Lincoln Square
SR24-00087334,SWSNOREM,2024-01-15 08:01:36,5530 N CAMPBELL AVE,4,40,Open,Phone Call,41.982273001,-87.6921165,Snow – Uncleared Sidewalk Complaint,,2024,1,2024-01-15,2023-2024,4,Lincoln Square
SR24-00088280,SWSNOREM,2024-01-15 10:18:43,1925 W WINNEMAC AVE,4,40,Open,Internet,41.97322276,-87.677399972,Snow – Uncleared Sidewalk Complaint,,2024,1,2024-01-15,2023-2024,4,Lincoln Square
SR24-00075943,SWSNOREM,2024-01-12 13:40:19,2548 W SUNNYSIDE AVE,4,47,Open,Mobile Device,41.963283001,-87.693291,Snow – Uncleared Sidewalk Complaint,,2024,1,2024-01-12,2023-2024,4,Lincoln Square
SR24-00076031,SWSNOREM,2024-01-12 13:49:21,2457 W EASTWOOD AVE,4,47,Open,Mobile Device,41.965470001,-87.691014,Snow – Uncleared Sidewalk Complaint,,2024,1,2024-01-12,2023-2024,4,Lincoln Square
SR24-00074191,SWSNOREM,2024-01-12 10:57:31,3055 W WARREN BLVD,27,27,Open,Internet,41.881716001,-87.703398,Snow – Uncleared Sidewalk Complaint,,2024,1,2024-01-12,2023-2024,27,East Garfield Park
SR24-00074385,SWSNOREM,2024-01-12 11:15:52,3055 W WARREN BLVD,27,27,Open,Internet,41.881716001,-87.703398,Snow – Uncleared Sidewalk Complaint,,2024,1,2024-01-12,2023-2024,27,East Garfield Park
SR24-00080005,SWSNOREM,2024-01-13 10:16:56,3055 W WARREN BLVD,27,27,Open,Phone Call,41.881716001,-87.703398,Snow – Uncleared Sidewalk Complaint,,2024,1,2024-01-13,2023-2024,27,East Garfield Park
SR24-00074741,SWSNOREM,2024-01-12 11:48:53,1627 W 87TH ST,71,18,Completed,Phone Call,41.735706602,-87.664130224,Snow – Uncleared Sidewalk Complaint,2024-01-12 13:15:12,2024,1,2024-01-12,2023-2024,71,Auburn Gresham
SR24-00081171,SWSNOREM,2024-01-13 13:39:56,7924 S PEORIA ST,71,17,Open,Internet,41.749848001,-87.646743,Snow – Uncleared Sidewalk Complaint,,2024,1,2024-01-13,2023-2024,71,Auburn Gresham
SR24-00081214,SWSNOREM,2024-01-13 13:48:56,7837 S PAULINA ST,71,17,Open,Phone Call,41.751045001,-87.6655755,Snow – Uncleared Sidewalk Complaint,,2024,1,2024-01-13,2023-2024,71,Auburn Gresham
SR24-00081218,SWSNOREM,2024-01-13 13:49:19,7843 S PAULINA ST,71,17,Open,Phone Call,41.750874001,-87.66558,Snow – Uncleared Sidewalk Complaint,,2024,1,2024-01-13,2023-2024,71,Auburn Gresham
SR24-00075189,SWSNOREM,2024-01-12 12:33:11,1848 W 17TH ST,31,25,Open,Internet,41.858784001,-87.673068,Snow – Uncleared Sidewalk Complaint,,2024,1,2024-01-12,2023-2024,31,Lower West Side
SR24-00078153,SWSNOREM,2024-01-12 19:13:59,2315 S WINCHESTER AVE,31,25,Open,Phone Call,41.849883001,-87.674598,Snow – Uncleared Sidewalk Complaint,,2024,1,2024-01-12,2023-2024,31,Lower West Side
SR24-00080364,SWSNOREM,2024-01-13 11:23:24,1112 W 19TH ST,31,25,Open,Internet,41.856822001,-87.6537765,Snow – Uncleared Sidewalk Complaint,,2024,1,2024-01-13,2023-2024,31,Lower West Side
SR24-00081281,SWSNOREM,2024-01-13 14:04:44,2255 S WESTERN AVE,31,25,Open,Internet,41.850522001,-87.685254,Snow – Uncleared Sidewalk Complaint,,2024,1,2024-01-13,2023-2024,31,Lower West Side
SR24-00081297,SWSNOREM,2024-01-13 14:07:08,2255 S WESTERN AVE,31,25,Open,Internet,41.850522001,-87.685254,Snow – Uncleared Sidewalk Complaint,,2024,1,2024-01-13,2023-2024,31,Lower West Side
SR24-00082131,SWSNOREM,2024-01-13 17:48:01,2205 W CERMAK RD,31,25,Open,Mobile Device,41.851935001,-87.6810915,Snow – Uncleared Sidewalk Complaint,,2024,1,2024-01-13,2023-2024,31,Lower West Side
SR24-00082137,SWSNOREM,2024-01-13 17:49:57,2159 W 21ST PL,31,25,Open,Mobile Device,41.852763001,-87.6805965,Snow – Uncleared Sidewalk Complaint,,2024,1,2024-01-13,2023-2024,31,Lower West Side
SR24-00082407,SWSNOREM,2024-01-13 19:48:45,2321 W CERMAK RD,31,25,Open,Mobile Device,41.851800001,-87.6840885,Snow – Uncleared Sidewalk Complaint,,2024,1,2024-01-13,2023-2024,31,Lower West Side
SR24-00081302,SWSNOREM,2024-01-13 14:09:13,2255 S WESTERN AVE,31,25,Open,Internet,41.850522001,-87.685254,Snow – Uncleared Sidewalk Complaint,,2024,1,2024-01-13,2023-2024,31,Lower West Side
SR24-00076798,SWSNOREM,2024-01-12 14:56:26,2115 W ARTHUR AVE,2,50,Open,Phone Call,41.999436001,-87.6832965,Snow – Uncleared Sidewalk Complaint,,2024,1,2024-01-12,2023-2024,2,West Ridge
SR24-00080337,SWSNOREM,2024-01-13 11:19:47,6700 N WESTERN AVE,2,50,Open,Phone Call,42.003252661,-87.690088366,Snow – Uncleared Sidewalk Complaint,,2024,1,2024-01-13,2023-2024,2,West Ridge
SR24-00080342,SWSNOREM,2024-01-13 11:20:36,6730 N WESTERN AVE,2,50,Open,Phone Call,42.004134001,-87.6904335,Snow – Uncleared Sidewalk Complaint,,2024,1,2024-01-13,2023-2024,2,West Ridge
SR24-00077186,SWSNOREM,2024-01-12 15:44:46,20 E GARFIELD BLVD,40,3,Open,Mobile Device,41.794735852,-87.624808519,Snow – Uncleared Sidewalk Complaint,,2024,1,2024-01-12,2023-2024,40,Washington Park
SR24-00077657,SWSNOREM,2024-01-12 17:00:06,5926 S MICHIGAN AVE,40,20,Open,Phone Call,41.786613001,-87.6226185,Snow – Uncleared Sidewalk Complaint,,2024,1,2024-01-12,2023-2024,40,Washington Park
SR24-00082024,SWSNOREM,2024-01-13 17:13:37,5501 S INDIANA AVE,40,3,Open,Mobile Device,41.794182001,-87.620616,Snow – Uncleared Sidewalk Complaint,,2024,1,2024-01-13,2023-2024,40,Washington Park
SR24-00077599,SWSNOREM,2024-01-12 16:49:07,2958 N MILWAUKEE AVE,21,35,Open,Phone Call,41.935014001,-87.7174515,Snow – Uncleared Sidewalk Complaint,,2024,1,2024-01-12,2023-2024,21,Avondale
SR24-00081195,SWSNOREM,2024-01-13 13:45:25,3337 W BELMONT AVE,21,35,Open,Mobile Device,41.939019001,-87.7116555,Snow – Uncleared Sidewalk Complaint,,2024,1,2024-01-13,2023-2024,21,Avondale
SR24-00087637,SWSNOREM,2024-01-15 08:45:34,3907 W SCHOOL ST,21,30,Open,Mobile Device,41.940756001,-87.7251915,Snow – Uncleared Sidewalk Complaint,,2024,1,2024-01-15,2023-2024,21,Avondale
SR24-00090478,SWSNOREM,2024-01-15 16:56:11,2844 N SACRAMENTO AVE,21,35,Open,Internet,41.933430001,-87.702849,Snow – Uncleared Sidewalk Complaint,,2024,1,2024-01-15,2023-2024,21,Avondale
SR24-00090481,SWSNOREM,2024-01-15 16:57:42,2842 N SACRAMENTO AVE,21,35,Open,Internet,41.933358001,-87.70284,Snow – Uncleared Sidewalk Complaint,,2024,1,2024-01-15,2023-2024,21,Avondale
SR24-00080581,SWSNOREM,2024-01-13 11:51:47,4107 W NELSON ST,21,31,Open,Phone Call,41.936085001,-87.7299615,Snow – Uncleared Sidewalk Complaint,,2024,1,2024-01-13,2023-2024,21,Avondale
SR24-00077799,SWSNOREM,2024-01-12 17:36:53,1615 S CLARK ST,33,3,Completed,Internet,41.859441001,-87.6291435,Snow – Uncleared Sidewalk Complaint,2024-01-13 13:46:42,2024,1,2024-01-12,2023-2024,33,Near South Side
SR24-00078063,SWSNOREM,2024-01-12 18:47:14,2 E CERMAK RD,33,3,Completed,Internet,41.853159001,-87.626853,Snow – Uncleared Sidewalk Complaint,2024-01-13 13:53:22,2024,1,2024-01-12,2023-2024,33,Near South Side
SR24-00078096,SWSNOREM,2024-01-12 18:57:36,1216 S WABASH AVE,33,34,Completed,Mobile Device,41.866380001,-87.6262635,Snow – Uncleared Sidewalk Complaint,2024-01-13 14:00:15,2024,1,2024-01-12,2023-2024,33,Near South Side
SR24-00078328,SWSNOREM,2024-01-12 20:14:17,3322 W WILSON AVE,14,33,Open,Internet,41.964885001,-87.711759,Snow – Uncleared Sidewalk Complaint,,2024,1,2024-01-12,2023-2024,14,Albany Park
SR24-00087686,SWSNOREM,2024-01-15 08:52:36,4832 N CENTRAL PARK AVE,14,33,Open,Internet,41.969349001,-87.7185945,Snow – Uncleared Sidewalk Complaint,,2024,1,2024-01-15,2023-2024,14,Albany Park
SR24-00078516,SWSNOREM,2024-01-12 21:57:16,1008 W MADISON ST,28,34,Open,Internet,41.881777543,-87.652453339,Snow – Uncleared Sidewalk Complaint,,2024,1,2024-01-12,2023-2024,28,Near West Side
SR24-00087233,SWSNOREM,2024-01-15 07:41:55,2452 W HARRISON ST,28,28,Open,Mobile Device,41.873953948,-87.688356983,Snow – Uncleared Sidewalk Complaint,,2024,1,2024-01-15,2023-2024,28,Near West Side
SR24-00079066,SWSNOREM,2024-01-13 05:48:37,1122 W SHORE AVE,1,49,Open,Mobile Device,42.003981001,-87.6593025,Snow – Uncleared Sidewalk Complaint,,2024,1,2024-01-13,2023-2024,1,Rogers Park
SR24-00081326,SWSNOREM,2024-01-13 14:15:35,1659 W FARWELL AVE,1,49,Open,Mobile Device,42.006276001,-87.6723705,Snow – Uncleared Sidewalk Complaint,,2024,1,2024-01-13,2023-2024,1,Rogers Park
SR24-00073049,SWSNOREM,2024-01-12 09:17:35,7112 N PAULINA ST,1,49,Open,Phone Call,42.011937001,-87.672564,Snow – Uncleared Sidewalk Complaint,,2024,1,2024-01-12,2023-2024,1,Rogers Park
SR24-00079526,SWSNOREM,2024-01-13 08:53:08,1500 E 71ST ST,43,5,Open,Mobile Device,41.766218862,-87.588566651,Snow – Uncleared Sidewalk Complaint,,2024,1,2024-01-13,2023-2024,43,South Shore
SR24-00085417,SWSNOREM,2024-01-14 16:03:57,6920 S OGLESBY AVE,43,5,Open,Internet,41.769180001,-87.5689425,Snow – Uncleared Sidewalk Complaint,,2024,1,2024-01-14,2023-2024,43,South Shore
SR24-00079733,SWSNOREM,2024-01-13 09:30:07,3543 S ARCHER AVE,59,12,Open,Phone Call,41.829652301,-87.678736906,Snow – Uncleared Sidewalk Complaint,,2024,1,2024-01-13,2023-2024,59,McKinley Park
SR24-00079751,SWSNOREM,2024-01-13 09:33:21,3543 S ARCHER AVE,59,12,Open,Phone Call,41.829652301,-87.678736906,Snow – Uncleared Sidewalk Complaint,,2024,1,2024-01-13,2023-2024,59,McKinley Park
SR24-00079746,SWSNOREM,2024-01-13 09:32:27,3543 S ARCHER AVE,59,12,Open,Phone Call,41.829652301,-87.678736906,Snow – Uncleared Sidewalk Complaint,,2024,1,2024-01-13,2023-2024,59,McKinley Park
SR24-00080252,SWSNOREM,2024-01-13 11:03:09,6157 N KEELER AVE,12,39,Open,Mobile Device,41.993532001,-87.7334535,Snow – Uncleared Sidewalk Complaint,,2024,1,2024-01-13,2023-2024,12,Forest Glen
SR24-00083365,SWSNOREM,2024-01-14 07:47:32,6100 N KEDVALE AVE,12,39,Open,Mobile Device,41.992092001,-87.732819,Snow – Uncleared Sidewalk Complaint,,2024,1,2024-01-14,2023-2024,12,Forest Glen
SR24-00080809,SWSNOREM,2024-01-13 12:27:46,4517 S ST LAWRENCE AVE,38,3,Open,Mobile Device,41.812551001,-87.611085,Snow – Uncleared Sidewalk Complaint,,2024,1,2024-01-13,2023-2024,38,Grand Boulevard
SR24-00080813,SWSNOREM,2024-01-13 12:28:28,4521 S ST LAWRENCE AVE,38,3,Open,Mobile Device,41.812416001,-87.6110805,Snow – Uncleared Sidewalk Complaint,,2024,1,2024-01-13,2023-2024,38,Grand Boulevard
SR24-00081090,SWSNOREM,2024-01-13 13:28:27,2802 W 111TH ST,75,19,Open,Internet,41.691695418,-87.690948957,Snow – Uncleared Sidewalk Complaint,,2024,1,2024-01-13,2023-2024,75,Morgan Park
SR24-00083784,SWSNOREM,2024-01-14 09:45:45,2802 W 111TH ST,75,19,Open,Internet,41.691695418,-87.690948957,Snow – Uncleared Sidewalk Complaint,,2024,1,2024-01-14,2023-2024,75,Morgan Park
SR24-00085291,SWSNOREM,2024-01-14 15:30:44,2734 W 111TH ST,75,19,Open,Internet,41.691707733,-87.689767242,Snow – Uncleared Sidewalk Complaint,,2024,1,2024-01-14,2023-2024,75,Morgan Park
SR24-00081109,SWSNOREM,2024-01-13 13:30:45,11106 S SACRAMENTO AVE,74,19,Open,Internet,41.691630091,-87.696164729,Snow – Uncleared Sidewalk Complaint,,2024,1,2024-01-13,2023-2024,74,Mount Greenwood
SR24-00081147,SWSNOREM,2024-01-13 13:35:27,5187 S ARCHER AVE,57,23,Open,Mobile Device,41.799861001,-87.7339665,Snow – Uncleared Sidewalk Complaint,,2024,1,2024-01-13,2023-2024,57,Archer Heights
SR24-00081096,SWSNOREM,2024-01-13 13:29:22,5183 S ARCHER AVE,57,23,Open,Mobile Device,41.799897001,-87.733755,Snow – Uncleared Sidewalk Complaint,,2024,1,2024-01-13,2023-2024,57,Archer Heights
SR24-00081238,SWSNOREM,2024-01-13 13:52:54,1037 W 97TH PL,73,21,Open,Phone Call,41.716521001,-87.6494745,Snow – Uncleared Sidewalk Complaint,,2024,1,2024-01-13,2023-2024,73,Washington Heights
SR24-00081766,SWSNOREM,2024-01-13 15:56:22,8742 S CONSTANCE AVE,48,8,Open,Internet,41.735790001,-87.5795715,Snow – Uncleared Sidewalk Complaint,,2024,1,2024-01-13,2023-2024,48,Calumet Heights
SR24-00081774,SWSNOREM,2024-01-13 15:58:39,2020 E 91ST ST,48,8,Open,Internet,41.729940001,-87.574644,Snow – Uncleared Sidewalk Complaint,,2024,1,2024-01-13,2023-2024,48,Calumet Heights
SR24-00081785,SWSNOREM,2024-01-13 16:01:19,9059 S JEFFERY BLVD,48,8,Open,Internet,41.729828655,-87.575484618,Snow – Uncleared Sidewalk Complaint,,2024,1,2024-01-13,2023-2024,48,Calumet Heights
SR24-00081795,SWSNOREM,2024-01-13 16:03:37,8700 S CONSTANCE AVE,48,8,Open,Internet,41.736955318,-87.579424889,Snow – Uncleared Sidewalk Complaint,,2024,1,2024-01-13,2023-2024,48,Calumet Heights
SR24-00081801,SWSNOREM,2024-01-13 16:05:58,9119 S OGLESBY AVE,48,7,Open,Internet,41.729292001,-87.566715,Snow – Uncleared Sidewalk Complaint,,2024,1,2024-01-13,2023-2024,48,Calumet Heights
SR24-00083062,SWSNOREM,2024-01-14 02:54:29,9401 S STONY ISLAND AVE,48,8,Open,Phone Call,41.724079438,-87.585106,Snow – Uncleared Sidewalk Complaint,,2024,1,2024-01-14,2023-2024,48,Calumet Heights
SR24-00081923,SWSNOREM,2024-01-13 16:43:43,1722 E 55TH ST,41,5,Open,Mobile Device,41.795433001,-87.582807,Snow – Uncleared Sidewalk Complaint,,2024,1,2024-01-13,2023-2024,41,Hyde Park
SR24-00082480,SWSNOREM,2024-01-13 20:19:27,256 W 60TH PL,68,20,Open,Phone Call,41.784732001,-87.632541,Snow – Uncleared Sidewalk Complaint,,2024,1,2024-01-13,2023-2024,68,Englewood
SR24-00082821,SWSNOREM,2024-01-13 23:05:28,803 S WELLS ST,32,34,Open,Mobile Device,41.872005001,-87.633279,Snow – Uncleared Sidewalk Complaint,,2024,1,2024-01-13,2023-2024,32,The Loop
SR24-00083571,SWSNOREM,2024-01-14 08:51:22,3500 S PRAIRIE AVE,35,3,Open,Mobile Device,41.831023411,-87.620613485,Snow – Uncleared Sidewalk Complaint,,2024,1,2024-01-14,2023-2024,35,Douglas
SR24-00087297,SWSNOREM,2024-01-15 07:54:54,7246 S PERRY AVE,69,6,Open,Internet,41.762214001,-87.628347,Snow – Uncleared Sidewalk Complaint,,2024,1,2024-01-15,2023-2024,69,Greater Grand Crossing
SR24-00087823,SWSNOREM,2024-01-15 09:09:30,4324 W BERWYN AVE,13,39,Open,Mobile Device,41.977809001,-87.7367835,Snow – Uncleared Sidewalk Complaint,,2024,1,2024-01-15,2023-2024,13,North Park
SR24-00085464,SWSNOREM,2024-01-14 16:18:21,4025 S WESTERN BLVD,61,12,Open,Internet,41.820237001,-87.683688,Snow – Uncleared Sidewalk Complaint,,2024,1,2024-01-14,2023-2024,61,New City
SR24-00089905,SWSNOREM,2024-01-15 14:38:56,4201 W ARMITAGE AVE,20,26,Open,Mobile Device,41.917033432,-87.731525264,Snow – Uncleared Sidewalk Complaint,,2024,1,2024-01-15,2023-2024,20,Hermosa
SR24-00081735,SWSNOREM,2024-01-13 15:49:13,6559 S GREENWOOD AVE,42,20,Open,Phone Call,41.775165001,-87.599493,Snow – Uncleared Sidewalk Complaint,,2024,1,2024-01-13,2023-2024,42,Woodlawn
SR24-00056738,SWSNOREM,2024-01-10 07:34:28,5311 S MILLARD AVE,62,23,Completed,Mobile Device,41.796630001,-87.714405,Snow – Uncleared Sidewalk Complaint,2024-01-11 11:51:43,2024,1,2024-01-10,2023-2024,62,West Elsdon
SR24-00056769,SWSNOREM,2024-01-10 07:37:51,5256 S RIDGEWAY AVE,62,23,Completed,Mobile Device,41.797116001,-87.7174515,Snow – Uncleared Sidewalk Complaint,2024-01-11 11:55:47,2024,1,2024-01-10,2023-2024,62,West Elsdon
